,name,hometown,high school,school,name text,hometown text,high school text,school text,sport,college
0,devoe michael,"Orlando, Fla./Montverde Academy","Orlando, Fla./Montverde Academy","Orlando, Fla./Montverde Academy",Last Name,Hometown/High School/Last College,Hometown/High School/Last College,Hometown/High School/Last College,mens basketball,georgia_tech
1,banks iii james,"Decatur, Ga./La Lumiere School (Laporte, Ind.)/Texas","Decatur, Ga./La Lumiere School (Laporte, Ind.)/Texas","Decatur, Ga./La Lumiere School (Laporte, Ind.)/Texas",Last Name,Hometown/High School/Last College,Hometown/High School/Last College,Hometown/High School/Last College,mens basketball,georgia_tech
2,phillips shembari,"Atlanta, Ga./Wheeler HS/Tucker HS/Tennessee","Atlanta, Ga./Wheeler HS/Tucker HS/Tennessee","Atlanta, Ga./Wheeler HS/Tucker HS/Tennessee",Last Name,Hometown/High School/Last College,Hometown/High School/Last College,Hometown/High School/Last College,mens basketball,georgia_tech
3,cole evan,"Cumming, Ga./South Forsyth HS","Cumming, Ga./South Forsyth HS","Cumming, Ga./South Forsyth HS",Last Name,Hometown/High School/Last College,Hometown/High School/Last College,Hometown/High School/Last College,mens basketball,georgia_tech
4,alston brandon,"Vienna, Va./Herndon HS/Lehigh","Vienna, Va./Herndon HS/Lehigh","Vienna, Va./Herndon HS/Lehigh",Last Name,Hometown/High School/Last College,Hometown/High School/Last College,Hometown/High School/Last College,mens basketball,georgia_tech
5,wright moses,"Raleigh, N.C./William G. Enloe HS","Raleigh, N.C./William G. Enloe HS","Raleigh, N.C./William G. Enloe HS",Last Name,Hometown/High School/Last College,Hometown/High School/Last College,Hometown/High School/Last College,mens basketball,georgia_tech
6,alvarado jose,"Brooklyn, N.Y./Christ the King HS","Brooklyn, N.Y./Christ the King HS","Brooklyn, N.Y./Christ the King HS",Last Name,Hometown/High School/Last College,Hometown/High School/Last College,Hometown/High School/Last College,mens basketball,georgia_tech
7,jester evan,"Fayetteville, Ga./Sandy Creek HS","Fayetteville, Ga./Sandy Creek HS","Fayetteville, Ga./Sandy Creek HS",Last Name,Hometown/High School/Last College,Hometown/High School/Last College,Hometown/High School/Last College,mens basketball,georgia_tech
8,moore khalid,"Briarwood, N.Y./Archbishop Molloy","Briarwood, N.Y./Archbishop Molloy","Briarwood, N.Y./Archbishop Molloy",Last Name,Hometown/High School/Last College,Hometown/High School/Last College,Hometown/High School/Last College,mens basketball,georgia_tech
9,haywood ii curtis,"Oklahoma City, Okla./Mustang HS/Brewster Academy, N.H.","Oklahoma City, Okla./Mustang HS/Brewster Academy, N.H.","Oklahoma City, Okla./Mustang HS/Brewster Academy, N.H.",Last Name,Hometown/High School/Last College,Hometown/High School/Last College,Hometown/High School/Last College,mens basketball,georgia_tech
10,ogbonda sylvester,"Port Harcourt, Nigeria/National Christian Academy (Fort Washington, Md.)","Port Harcourt, Nigeria/National Christian Academy (Fort Washington, Md.)","Port Harcourt, Nigeria/National Christian Academy (Fort Washington, Md.)",Last Name,Hometown/High School/Last College,Hometown/High School/Last College,Hometown/High School/Last College,mens basketball,georgia_tech
11,schafer avi,"Osaka, Japan/Brewster Academy (Wolfeboro, N.H.)","Osaka, Japan/Brewster Academy (Wolfeboro, N.H.)","Osaka, Japan/Brewster Academy (Wolfeboro, N.H.)",Last Name,Hometown/High School/Last College,Hometown/High School/Last College,Hometown/High School/Last College,mens basketball,georgia_tech
12,gueye abdoulaye,"Dakar, Senegal/Central Park Christian (Birmingham, Ala.)","Dakar, Senegal/Central Park Christian (Birmingham, Ala.)","Dakar, Senegal/Central Park Christian (Birmingham, Ala.)",Last Name,Hometown/High School/Last College,Hometown/High School/Last College,Hometown/High School/Last College,mens basketball,georgia_tech
13,sjolund kristian,"Katy, Texas/Obra D. Tompkins","Katy, Texas/Obra D. Tompkins","Katy, Texas/Obra D. Tompkins",Last Name,Hometown/High School/Last College,Hometown/High School/Last College,Hometown/High School/Last College,mens basketball,georgia_tech
14,rice malachi,"Indianapolis, Ind./Brebeuf Jesuit Preparatory School","Indianapolis, Ind./Brebeuf Jesuit Preparatory School","Indianapolis, Ind./Brebeuf Jesuit Preparatory School",Last Name,Hometown/High School/Last College,Hometown/High School/Last College,Hometown/High School/Last College,mens basketball,georgia_tech
0,tilford imani,"Greenburgh, N.Y.",Woodlands High School,Woodlands High School,Last Name,Hometown,High School,High School,womens basketball,georgia_tech
1,pugh kaylan,"Memphis, Tenn.",St. Mary's Episcopal School,St. Mary's Episcopal School,Last Name,Hometown,High School,High School,womens basketball,georgia_tech
2,cummings taja,"Alpharetta, Ga.",St. Francis,St. Francis,Last Name,Hometown,High School,High School,womens basketball,georgia_tech
3,diouf anne francoise,"Dakar, Senegal",IMG Academy,IMG Academy,Last Name,Hometown,High School,High School,womens basketball,georgia_tech
4,jefferson daijah,"Hopewell, Va.",Hopewell,Hopewell,Last Name,Hometown,High School,High School,womens basketball,georgia_tech
5,brown breanna,"Oakland, Calif.",Bishop O'Dowd,Bishop O'Dowd,Last Name,Hometown,High School,High School,womens basketball,georgia_tech
6,cubaj lorela,"Terni, Italy",Istituto Paritario G. Parini,Istituto Paritario G. Parini,Last Name,Hometown,High School,High School,womens basketball,georgia_tech
7,o'neil zaire,"Newark, N.J.",Malcolm X Shabazz,Malcolm X Shabazz,Last Name,Hometown,High School,High School,womens basketball,georgia_tech
8,scott chanin,"Charlotte, N.C.",Myers Park,Myers Park,Last Name,Hometown,High School,High School,womens basketball,georgia_tech
9,pan francesca,"Bassano del Grappa, Italy",Istituto G. Parini Mestre,Istituto G. Parini Mestre,Last Name,Hometown,High School,High School,womens basketball,georgia_tech
10,fletcher kierra,"Warren, Mich.",Warren Cousino,Warren Cousino,Last Name,Hometown,High School,High School,womens basketball,georgia_tech
11,fortune martine,"Philadelphia, Pa.",The Shipley School,The Shipley School,Last Name,Hometown,High School,High School,womens basketball,georgia_tech
12,peresson antonia,"Pordenone, Italy",Liceo Stefanini Yenezia,Liceo Stefanini Yenezia,Last Name,Hometown,High School,High School,womens basketball,georgia_tech
0,curry xzavion,"Atlanta, Ga./Mays","Atlanta, Ga./Mays","Atlanta, Ga./Mays",Last Name,Hometown/High School/College,Hometown/High School/College,Hometown/High School/College,baseball,georgia_tech
1,hall carter,"Alpharetta, Ga./Wesleyan School","Alpharetta, Ga./Wesleyan School","Alpharetta, Ga./Wesleyan School",Last Name,Hometown/High School/College,Hometown/High School/College,Hometown/High School/College,baseball,georgia_tech
2,bailey wade,"Villa Rica, Ga./Villa Rica","Villa Rica, Ga./Villa Rica","Villa Rica, Ga./Villa Rica",Last Name,Hometown/High School/College,Hometown/High School/College,Hometown/High School/College,baseball,georgia_tech
3,neuber cole,"Alpharetta, Ga./Johns Creek","Alpharetta, Ga./Johns Creek","Alpharetta, Ga./Johns Creek",Last Name,Hometown/High School/College,Hometown/High School/College,Hometown/High School/College,baseball,georgia_tech
4,hall colin,"Alpharetta, Ga./Wesleyan School","Alpharetta, Ga./Wesleyan School","Alpharetta, Ga./Wesleyan School",Last Name,Hometown/High School/College,Hometown/High School/College,Hometown/High School/College,baseball,georgia_tech
5,guldberg michael,"Marietta, Ga./Walton","Marietta, Ga./Walton","Marietta, Ga./Walton",Last Name,Hometown/High School/College,Hometown/High School/College,Hometown/High School/College,baseball,georgia_tech
6,waddell luke,"Loveland, Ohio/Loveland","Loveland, Ohio/Loveland","Loveland, Ohio/Loveland",Last Name,Hometown/High School/College,Hometown/High School/College,Hometown/High School/College,baseball,georgia_tech
7,hughes jonathan,"Flowery Branch, Ga./Flowery Branch","Flowery Branch, Ga./Flowery Branch","Flowery Branch, Ga./Flowery Branch",Last Name,Hometown/High School/College,Hometown/High School/College,Hometown/High School/College,baseball,georgia_tech
8,bart joey,"Buford, Ga./Buford","Buford, Ga./Buford","Buford, Ga./Buford",Last Name,Hometown/High School/College,Hometown/High School/College,Hometown/High School/College,baseball,georgia_tech
9,murray chase,"Cincinnati, Ohio/Cincinnati Hills Christian Academy","Cincinnati, Ohio/Cincinnati Hills Christian Academy","Cincinnati, Ohio/Cincinnati Hills Christian Academy",Last Name,Hometown/High School/College,Hometown/High School/College,Hometown/High School/College,baseball,georgia_tech
10,english tristin,"Williamson, Ga./Pike County","Williamson, Ga./Pike County","Williamson, Ga./Pike County",Last Name,Hometown/High School/College,Hometown/High School/College,Hometown/High School/College,baseball,georgia_tech
11,schniederjans ben,"Powder Springs, Ga./Harrison","Powder Springs, Ga./Harrison","Powder Springs, Ga./Harrison",Last Name,Hometown/High School/College,Hometown/High School/College,Hometown/High School/College,baseball,georgia_tech
12,wilhite austin,"Buford, Ga./Buford","Buford, Ga./Buford","Buford, Ga./Buford",Last Name,Hometown/High School/College,Hometown/High School/College,Hometown/High School/College,baseball,georgia_tech
13,chapman hugh,"Smyrna, Ga./Holy Innocents' Episcopal","Smyrna, Ga./Holy Innocents' Episcopal","Smyrna, Ga./Holy Innocents' Episcopal",Last Name,Hometown/High School/College,Hometown/High School/College,Hometown/High School/College,baseball,georgia_tech
14,mccann kyle,"Suwanee, Ga./Lambert","Suwanee, Ga./Lambert","Suwanee, Ga./Lambert",Last Name,Hometown/High School/College,Hometown/High School/College,Hometown/High School/College,baseball,georgia_tech
15,turley cameron,"Dacula, Ga./Mill Creek","Dacula, Ga./Mill Creek","Dacula, Ga./Mill Creek",Last Name,Hometown/High School/College,Hometown/High School/College,Hometown/High School/College,baseball,georgia_tech
16,taylor jamie,"Johns Creek, Ga./Marist School","Johns Creek, Ga./Marist School","Johns Creek, Ga./Marist School",Last Name,Hometown/High School/College,Hometown/High School/College,Hometown/High School/College,baseball,georgia_tech
17,hurter brant,"Canton, Ga./Woodstock","Canton, Ga./Woodstock","Canton, Ga./Woodstock",Last Name,Hometown/High School/College,Hometown/High School/College,Hometown/High School/College,baseball,georgia_tech
18,radcliff baron,"Peachtree Corners, Ga./Norcross","Peachtree Corners, Ga./Norcross","Peachtree Corners, Ga./Norcross",Last Name,Hometown/High School/College,Hometown/High School/College,Hometown/High School/College,baseball,georgia_tech
19,serratos oscar,"Lawrenceville, Ga./Grayson","Lawrenceville, Ga./Grayson","Lawrenceville, Ga./Grayson",Last Name,Hometown/High School/College,Hometown/High School/College,Hometown/High School/College,baseball,georgia_tech
20,lee jake,"Brooks, Ga./Whitewater","Brooks, Ga./Whitewater","Brooks, Ga./Whitewater",Last Name,Hometown/High School/College,Hometown/High School/College,Hometown/High School/College,baseball,georgia_tech
21,johnson kel,"Palmetto, Ga./Home Schooled","Palmetto, Ga./Home Schooled","Palmetto, Ga./Home Schooled",Last Name,Hometown/High School/College,Hometown/High School/College,Hometown/High School/College,baseball,georgia_tech
22,rigby paxton,"Altamonte Springs, Fla./Lake Brantley","Altamonte Springs, Fla./Lake Brantley","Altamonte Springs, Fla./Lake Brantley",Last Name,Hometown/High School/College,Hometown/High School/College,Hometown/High School/College,baseball,georgia_tech
23,wiseman patrick,"Roswell, Ga./Pope","Roswell, Ga./Pope","Roswell, Ga./Pope",Last Name,Hometown/High School/College,Hometown/High School/College,Hometown/High School/College,baseball,georgia_tech
24,datoc jared,"Atlanta, Ga./Pace Academy","Atlanta, Ga./Pace Academy","Atlanta, Ga./Pace Academy",Last Name,Hometown/High School/College,Hometown/High School/College,Hometown/High School/College,baseball,georgia_tech
25,combs bailey,"Smyrna, Ga./Whitefield Academy","Smyrna, Ga./Whitefield Academy","Smyrna, Ga./Whitefield Academy",Last Name,Hometown/High School/College,Hometown/High School/College,Hometown/High School/College,baseball,georgia_tech
26,wilhite nick,"Buford, Ga./Buford","Buford, Ga./Buford","Buford, Ga./Buford",Last Name,Hometown/High School/College,Hometown/High School/College,Hometown/High School/College,baseball,georgia_tech
27,mannelly joseph,"Atlanta, Ga./Marist School","Atlanta, Ga./Marist School","Atlanta, Ga./Marist School",Last Name,Hometown/High School/College,Hometown/High School/College,Hometown/High School/College,baseball,georgia_tech
28,shirah will,"Blue Ridge, Ga./Fannin County","Blue Ridge, Ga./Fannin County","Blue Ridge, Ga./Fannin County",Last Name,Hometown/High School/College,Hometown/High School/College,Hometown/High School/College,baseball,georgia_tech
29,gooden garrett,"Decatur, Ga./St. Pius X Catholic","Decatur, Ga./St. Pius X Catholic","Decatur, Ga./St. Pius X Catholic",Last Name,Hometown/High School/College,Hometown/High School/College,Hometown/High School/College,baseball,georgia_tech
30,crawford sam,"Raleigh, N.C./St. David's","Raleigh, N.C./St. David's","Raleigh, N.C./St. David's",Last Name,Hometown/High School/College,Hometown/High School/College,Hometown/High School/College,baseball,georgia_tech
31,gibson keyton,"Buford, Ga./Buford","Buford, Ga./Buford","Buford, Ga./Buford",Last Name,Hometown/High School/College,Hometown/High School/College,Hometown/High School/College,baseball,georgia_tech
32,winborne robert,"Atlanta, Ga./The Lovett School","Atlanta, Ga./The Lovett School","Atlanta, Ga./The Lovett School",Last Name,Hometown/High School/College,Hometown/High School/College,Hometown/High School/College,baseball,georgia_tech
33,brace jake,"Suwanee, Ga./North Gwinnett","Suwanee, Ga./North Gwinnett","Suwanee, Ga./North Gwinnett",Last Name,Hometown/High School/College,Hometown/High School/College,Hometown/High School/College,baseball,georgia_tech
34,carpenter micah,"Jefferson, Ga./Jefferson","Jefferson, Ga./Jefferson","Jefferson, Ga./Jefferson",Last Name,Hometown/High School/College,Hometown/High School/College,Hometown/High School/College,baseball,georgia_tech
35,thomas connor,"Omega, Ga./Tift County","Omega, Ga./Tift County","Omega, Ga./Tift County",Last Name,Hometown/High School/College,Hometown/High School/College,Hometown/High School/College,baseball,georgia_tech
36,archer andy,"Duluth, Ga./Wesleyan School","Duluth, Ga./Wesleyan School","Duluth, Ga./Wesleyan School",Last Name,Hometown/High School/College,Hometown/High School/College,Hometown/High School/College,baseball,georgia_tech
0,searcy qua,"Barnesville, Ga./Lamar County","Barnesville, Ga./Lamar County","Barnesville, Ga./Lamar County",Last Name,Hometown/High School/Last College,Hometown/High School/Last College,Hometown/High School/Last College,football,georgia_tech
1,swilling tre,"New Orleans, La./Brother Martin","New Orleans, La./Brother Martin","New Orleans, La./Brother Martin",Last Name,Hometown/High School/Last College,Hometown/High School/Last College,Hometown/High School/Last College,football,georgia_tech
2,fletcher carson,"Flowery Branch, Ga./Flowery Branch","Flowery Branch, Ga./Flowery Branch","Flowery Branch, Ga./Flowery Branch",Last Name,Hometown/High School/Last College,Hometown/High School/Last College,Hometown/High School/Last College,football,georgia_tech
3,simmons lamont,"Jacksonville, Fla./Raines/USC","Jacksonville, Fla./Raines/USC","Jacksonville, Fla./Raines/USC",Last Name,Hometown/High School/Last College,Hometown/High School/Last College,Hometown/High School/Last College,football,georgia_tech
4,johnson lucas,"San Diego, Ca./Mount Carmel","San Diego, Ca./Mount Carmel","San Diego, Ca./Mount Carmel",Last Name,Hometown/High School/Last College,Hometown/High School/Last College,Hometown/High School/Last College,football,georgia_tech
5,alexander victor,"Jacksonville, Fla./Trinity Christian School","Jacksonville, Fla./Trinity Christian School","Jacksonville, Fla./Trinity Christian School",Last Name,Hometown/High School/Last College,Hometown/High School/Last College,Hometown/High School/Last College,football,georgia_tech
6,hemingway keegan,"Boyds, Md./Poolesville","Boyds, Md./Poolesville","Boyds, Md./Poolesville",Last Name,Hometown/High School/Last College,Hometown/High School/Last College,Hometown/High School/Last College,football,georgia_tech
7,campbell christian,"Ponchatoula, La./Ponchatoula","Ponchatoula, La./Ponchatoula","Ponchatoula, La./Ponchatoula",Last Name,Hometown/High School/Last College,Hometown/High School/Last College,Hometown/High School/Last College,football,georgia_tech
8,smith devin,"Acworth, Ga./Harrison","Acworth, Ga./Harrison","Acworth, Ga./Harrison",Last Name,Hometown/High School/Last College,Hometown/High School/Last College,Hometown/High School/Last College,football,georgia_tech
9,jordan-swilling bruce,"New Orleans, La./Brother Martin","New Orleans, La./Brother Martin","New Orleans, La./Brother Martin",Last Name,Hometown/High School/Last College,Hometown/High School/Last College,Hometown/High School/Last College,football,georgia_tech
10,showell avery,"Cartersville, Ga./Cartersville","Cartersville, Ga./Cartersville","Cartersville, Ga./Cartersville",Last Name,Hometown/High School/Last College,Hometown/High School/Last College,Hometown/High School/Last College,football,georgia_tech
11,rew mark,"Columbia, S.C./Ben Lippen","Columbia, S.C./Ben Lippen","Columbia, S.C./Ben Lippen",Last Name,Hometown/High School/Last College,Hometown/High School/Last College,Hometown/High School/Last College,football,georgia_tech
12,howard jerry,"Rock Hill, S.C./Northwestern","Rock Hill, S.C./Northwestern","Rock Hill, S.C./Northwestern",Last Name,Hometown/High School/Last College,Hometown/High School/Last College,Hometown/High School/Last College,football,georgia_tech
13,marshall taquon,"Hamilton, Ga./Harris County","Hamilton, Ga./Harris County","Hamilton, Ga./Harris County",Last Name,Hometown/High School/Last College,Hometown/High School/Last College,Hometown/High School/Last College,football,georgia_tech
14,oliver tobias,"Warner Robins, Ga./Northside","Warner Robins, Ga./Northside","Warner Robins, Ga./Northside",Last Name,Hometown/High School/Last College,Hometown/High School/Last College,Hometown/High School/Last College,football,georgia_tech
15,stanzione rich,"Washington Township, N.J./Williamstown/Stetson","Washington Township, N.J./Williamstown/Stetson","Washington Township, N.J./Williamstown/Stetson",Last Name,Hometown/High School/Last College,Hometown/High School/Last College,Hometown/High School/Last College,football,georgia_tech
16,macrina joseph,"Suwanee, Ga./Northview","Suwanee, Ga./Northview","Suwanee, Ga./Northview",Last Name,Hometown/High School/Last College,Hometown/High School/Last College,Hometown/High School/Last College,football,georgia_tech
17,lynch clinton,"Norcross, Ga./Norcross","Norcross, Ga./Norcross","Norcross, Ga./Norcross",Last Name,Hometown/High School/Last College,Hometown/High School/Last College,Hometown/High School/Last College,football,georgia_tech
18,davis melvin,"Madison, Ga./Morgan County","Madison, Ga./Morgan County","Madison, Ga./Morgan County",Last Name,Hometown/High School/Last College,Hometown/High School/Last College,Hometown/High School/Last College,football,georgia_tech
19,johnson jalen,"Oneonta, Ala./Oneonta","Oneonta, Ala./Oneonta","Oneonta, Ala./Oneonta",Last Name,Hometown/High School/Last College,Hometown/High School/Last College,Hometown/High School/Last College,football,georgia_tech
20,mason jordan,"Gallatin, Tenn./Gallatin","Gallatin, Tenn./Gallatin","Gallatin, Tenn./Gallatin",Last Name,Hometown/High School/Last College,Hometown/High School/Last College,Hometown/High School/Last College,football,georgia_tech
21,jackson tre',"Valdosta, Ga./Lowndes","Valdosta, Ga./Lowndes","Valdosta, Ga./Lowndes",Last Name,Hometown/High School/Last College,Hometown/High School/Last College,Hometown/High School/Last College,football,georgia_tech
22,blancato josh,"Marietta, Ga./Kell","Marietta, Ga./Kell","Marietta, Ga./Kell",Last Name,Hometown/High School/Last College,Hometown/High School/Last College,Hometown/High School/Last College,football,georgia_tech
23,harvin iii pressley,"Alcolu, S.C./Sumter","Alcolu, S.C./Sumter","Alcolu, S.C./Sumter",Last Name,Hometown/High School/Last College,Hometown/High School/Last College,Hometown/High School/Last College,football,georgia_tech
24,carpenter tariq,"Ludowici, Ga./Long County","Ludowici, Ga./Long County","Ludowici, Ga./Long County",Last Name,Hometown/High School/Last College,Hometown/High School/Last College,Hometown/High School/Last College,football,georgia_tech
25,benson kirvonte,"Marietta, Ga./Marietta","Marietta, Ga./Marietta","Marietta, Ga./Marietta",Last Name,Hometown/High School/Last College,Hometown/High School/Last College,Hometown/High School/Last College,football,georgia_tech
26,cottrell nathan,"Knoxville, Tenn./Knoxville West","Knoxville, Tenn./Knoxville West","Knoxville, Tenn./Knoxville West",Last Name,Hometown/High School/Last College,Hometown/High School/Last College,Hometown/High School/Last College,football,georgia_tech
27,curry david,"Buford, Ga./Buford","Buford, Ga./Buford","Buford, Ga./Buford",Last Name,Hometown/High School/Last College,Hometown/High School/Last College,Hometown/High School/Last College,football,georgia_tech
28,askew jaytlin,"Douglasville, Ga./McEachern","Douglasville, Ga./McEachern","Douglasville, Ga./McEachern",Last Name,Hometown/High School/Last College,Hometown/High School/Last College,Hometown/High School/Last College,football,georgia_tech
29,bonds gentry,"Murfreesboro, Tenn./Riverdale","Murfreesboro, Tenn./Riverdale","Murfreesboro, Tenn./Riverdale",Last Name,Hometown/High School/Last College,Hometown/High School/Last College,Hometown/High School/Last College,football,georgia_tech
30,cole jarett,"Norcross, Ga./Norcross","Norcross, Ga./Norcross","Norcross, Ga./Norcross",Last Name,Hometown/High School/Last College,Hometown/High School/Last College,Hometown/High School/Last College,football,georgia_tech
31,jarrett omahri,"Douglasville, Ga./New Manchester","Douglasville, Ga./New Manchester","Douglasville, Ga./New Manchester",Last Name,Hometown/High School/Last College,Hometown/High School/Last College,Hometown/High School/Last College,football,georgia_tech
32,king brenton,"Auburn, Ga./Mill Creek","Auburn, Ga./Mill Creek","Auburn, Ga./Mill Creek",Last Name,Hometown/High School/Last College,Hometown/High School/Last College,Hometown/High School/Last College,football,georgia_tech
33,kerr ajani,"Powder Springs, Ga./McEachern","Powder Springs, Ga./McEachern","Powder Springs, Ga./McEachern",Last Name,Hometown/High School/Last College,Hometown/High School/Last College,Hometown/High School/Last College,football,georgia_tech
34,nash austin,"Grayson, Ga./Grayson","Grayson, Ga./Grayson","Grayson, Ga./Grayson",Last Name,Hometown/High School/Last College,Hometown/High School/Last College,Hometown/High School/Last College,football,georgia_tech
35,williams dameon,"Norcross, Ga./Norcross","Norcross, Ga./Norcross","Norcross, Ga./Norcross",Last Name,Hometown/High School/Last College,Hometown/High School/Last College,Hometown/High School/Last College,football,georgia_tech
36,oliver kaleb,"Murfreesboro, Tenn./Oakland","Murfreesboro, Tenn./Oakland","Murfreesboro, Tenn./Oakland",Last Name,Hometown/High School/Last College,Hometown/High School/Last College,Hometown/High School/Last College,football,georgia_tech
37,henderson jaquan,"Covington, Ga./Newton","Covington, Ga./Newton","Covington, Ga./Newton",Last Name,Hometown/High School/Last College,Hometown/High School/Last College,Hometown/High School/Last College,football,georgia_tech
38,cooksey tyler,"Suwanee, Ga./Greater Atlanta Christian School","Suwanee, Ga./Greater Atlanta Christian School","Suwanee, Ga./Greater Atlanta Christian School",Last Name,Hometown/High School/Last College,Hometown/High School/Last College,Hometown/High School/Last College,football,georgia_tech
39,jackson quez,"Fort Valley, Ga./Peach County","Fort Valley, Ga./Peach County","Fort Valley, Ga./Peach County",Last Name,Hometown/High School/Last College,Hometown/High School/Last College,Hometown/High School/Last College,football,georgia_tech
40,thomas charlie,"Thomasville, Ga./Thomasville","Thomasville, Ga./Thomasville","Thomasville, Ga./Thomasville",Last Name,Hometown/High School/Last College,Hometown/High School/Last College,Hometown/High School/Last College,football,georgia_tech
41,gantt xavier,"Buford, Ga./Buford","Buford, Ga./Buford","Buford, Ga./Buford",Last Name,Hometown/High School/Last College,Hometown/High School/Last College,Hometown/High School/Last College,football,georgia_tech
42,brashear jakob,"Dacula, Ga./Dacula","Dacula, Ga./Dacula","Dacula, Ga./Dacula",Last Name,Hometown/High School/Last College,Hometown/High School/Last College,Hometown/High School/Last College,football,georgia_tech
43,marshall andrew,"Cumming, Ga./West Forsyth","Cumming, Ga./West Forsyth","Cumming, Ga./West Forsyth",Last Name,Hometown/High School/Last College,Hometown/High School/Last College,Hometown/High School/Last College,football,georgia_tech
44,mitchell brant,"Knoxville, Tenn./Webb School","Knoxville, Tenn./Webb School","Knoxville, Tenn./Webb School",Last Name,Hometown/High School/Last College,Hometown/High School/Last College,Hometown/High School/Last College,football,georgia_tech
45,lee jahaziel,"Ponchatoula, La./Ponchatoula","Ponchatoula, La./Ponchatoula","Ponchatoula, La./Ponchatoula",Last Name,Hometown/High School/Last College,Hometown/High School/Last College,Hometown/High School/Last College,football,georgia_tech
46,cerge-henderson kyle,"Tampa, Fla./Plant","Tampa, Fla./Plant","Tampa, Fla./Plant",Last Name,Hometown/High School/Last College,Hometown/High School/Last College,Hometown/High School/Last College,football,georgia_tech
47,cooper kenny,"Calhoun, Ga./Sonoraville","Calhoun, Ga./Sonoraville","Calhoun, Ga./Sonoraville",Last Name,Hometown/High School/Last College,Hometown/High School/Last College,Hometown/High School/Last College,football,georgia_tech
48,hansen connor,"Tallahassee, Fla./Chiles","Tallahassee, Fla./Chiles","Tallahassee, Fla./Chiles",Last Name,Hometown/High School/Last College,Hometown/High School/Last College,Hometown/High School/Last College,football,georgia_tech
49,minihan mikey,"Honolulu, Hawai'i/Saint Louis","Honolulu, Hawai'i/Saint Louis","Honolulu, Hawai'i/Saint Louis",Last Name,Hometown/High School/Last College,Hometown/High School/Last College,Hometown/High School/Last College,football,georgia_tech
50,patelles lucas,"Fayetteville, Ga./Starr's Mill","Fayetteville, Ga./Starr's Mill","Fayetteville, Ga./Starr's Mill",Last Name,Hometown/High School/Last College,Hometown/High School/Last College,Hometown/High School/Last College,football,georgia_tech
51,tufele boe,"Harbor City, Calif./Narbonne","Harbor City, Calif./Narbonne","Harbor City, Calif./Narbonne",Last Name,Hometown/High School/Last College,Hometown/High School/Last College,Hometown/High School/Last College,football,georgia_tech
52,abee jerrod,"Gainesville, Ga./Lakeview Academy","Gainesville, Ga./Lakeview Academy","Gainesville, Ga./Lakeview Academy",Last Name,Hometown/High School/Last College,Hometown/High School/Last College,Hometown/High School/Last College,football,georgia_tech
53,morgan scott,"Woodstock, Ga./Etowah","Woodstock, Ga./Etowah","Woodstock, Ga./Etowah",Last Name,Hometown/High School/Last College,Hometown/High School/Last College,Hometown/High School/Last College,football,georgia_tech
54,morgan brad,"Woodstock, Ga./Etowah","Woodstock, Ga./Etowah","Woodstock, Ga./Etowah",Last Name,Hometown/High School/Last College,Hometown/High School/Last College,Hometown/High School/Last College,football,georgia_tech
55,ivemeyer bailey,"Snellville, Ga./Brookwood","Snellville, Ga./Brookwood","Snellville, Ga./Brookwood",Last Name,Hometown/High School/Last College,Hometown/High School/Last College,Hometown/High School/Last College,football,georgia_tech
56,lagod chet,"Marietta, Ga./Marist","Marietta, Ga./Marist","Marietta, Ga./Marist",Last Name,Hometown/High School/Last College,Hometown/High School/Last College,Hometown/High School/Last College,football,georgia_tech
57,hunt cheyenne,"Springfield, Ga./Effingham County","Springfield, Ga./Effingham County","Springfield, Ga./Effingham County",Last Name,Hometown/High School/Last College,Hometown/High School/Last College,Hometown/High School/Last College,football,georgia_tech
58,broadway olin,"Atlanta, Ga./Saint Pius X","Atlanta, Ga./Saint Pius X","Atlanta, Ga./Saint Pius X",Last Name,Hometown/High School/Last College,Hometown/High School/Last College,Hometown/High School/Last College,football,georgia_tech
59,coco jack,"Johns Creek, Ga./Johns Creek","Johns Creek, Ga./Johns Creek","Johns Creek, Ga./Johns Creek",Last Name,Hometown/High School/Last College,Hometown/High School/Last College,Hometown/High School/Last College,football,georgia_tech
60,gibbs hamp,"Augusta, Ga./Augusta Prep","Augusta, Ga./Augusta Prep","Augusta, Ga./Augusta Prep",Last Name,Hometown/High School/Last College,Hometown/High School/Last College,Hometown/High School/Last College,football,georgia_tech
61,bryan will,"Lavonia, Ga./Franklin County","Lavonia, Ga./Franklin County","Lavonia, Ga./Franklin County",Last Name,Hometown/High School/Last College,Hometown/High School/Last College,Hometown/High School/Last College,football,georgia_tech
62,clark charlie,"Atlanta, Ga./Marist","Atlanta, Ga./Marist","Atlanta, Ga./Marist",Last Name,Hometown/High School/Last College,Hometown/High School/Last College,Hometown/High School/Last College,football,georgia_tech
63,quinney zach,"Savannah, Ga./Savannah Christian Prep","Savannah, Ga./Savannah Christian Prep","Savannah, Ga./Savannah Christian Prep",Last Name,Hometown/High School/Last College,Hometown/High School/Last College,Hometown/High School/Last College,football,georgia_tech
64,white josh,"Marietta, Ga./Walton","Marietta, Ga./Walton","Marietta, Ga./Walton",Last Name,Hometown/High School/Last College,Hometown/High School/Last College,Hometown/High School/Last College,football,georgia_tech
65,braun parker,"Hallsville, Tex./Hallsville","Hallsville, Tex./Hallsville","Hallsville, Tex./Hallsville",Last Name,Hometown/High School/Last College,Hometown/High School/Last College,Hometown/High School/Last College,football,georgia_tech
66,brooks djimon,"Sandersville, Ga./Washington County","Sandersville, Ga./Washington County","Sandersville, Ga./Washington County",Last Name,Hometown/High School/Last College,Hometown/High School/Last College,Hometown/High School/Last College,football,georgia_tech
67,mallard antonio,"Ellenwood, Ga./Stockbridge/Clark Atlanta","Ellenwood, Ga./Stockbridge/Clark Atlanta","Ellenwood, Ga./Stockbridge/Clark Atlanta",Last Name,Hometown/High School/Last College,Hometown/High School/Last College,Hometown/High School/Last College,football,georgia_tech
68,defoor jack,"Calhoun, Ga./Calhoun/Ole Miss","Calhoun, Ga./Calhoun/Ole Miss","Calhoun, Ga./Calhoun/Ole Miss",Last Name,Hometown/High School/Last College,Hometown/High School/Last College,Hometown/High School/Last College,football,georgia_tech
69,lay william,"Hartwell, Ga./Hart County","Hartwell, Ga./Hart County","Hartwell, Ga./Hart County",Last Name,Hometown/High School/Last College,Hometown/High School/Last College,Hometown/High School/Last College,football,georgia_tech
70,tukes josh,"Covington, Ga./Newton","Covington, Ga./Newton","Covington, Ga./Newton",Last Name,Hometown/High School/Last College,Hometown/High School/Last College,Hometown/High School/Last College,football,georgia_tech
71,camp jalen,"Cumming, Ga./South Forsyth","Cumming, Ga./South Forsyth","Cumming, Ga./South Forsyth",Last Name,Hometown/High School/Last College,Hometown/High School/Last College,Hometown/High School/Last College,football,georgia_tech
72,sanders adonicas,"North Charleston, S.C./Fort Dorchester","North Charleston, S.C./Fort Dorchester","North Charleston, S.C./Fort Dorchester",Last Name,Hometown/High School/Last College,Hometown/High School/Last College,Hometown/High School/Last College,football,georgia_tech
73,stewart brad,"Savannah, Ga./Benedictine Military School","Savannah, Ga./Benedictine Military School","Savannah, Ga./Benedictine Military School",Last Name,Hometown/High School/Last College,Hometown/High School/Last College,Hometown/High School/Last College,football,georgia_tech
74,dolphus stephen,"Macon, Ga./Westside","Macon, Ga./Westside","Macon, Ga./Westside",Last Name,Hometown/High School/Last College,Hometown/High School/Last College,Hometown/High School/Last College,football,georgia_tech
75,bussoletti alan,"Buford, Ga./Buford","Buford, Ga./Buford","Buford, Ga./Buford",Last Name,Hometown/High School/Last College,Hometown/High School/Last College,Hometown/High School/Last College,football,georgia_tech
76,hawkins-anderson jair,"Suwanee, Ga./Northview","Suwanee, Ga./Northview","Suwanee, Ga./Northview",Last Name,Hometown/High School/Last College,Hometown/High School/Last College,Hometown/High School/Last College,football,georgia_tech
77,gates kam,"Marietta, Ga./Osborne","Marietta, Ga./Osborne","Marietta, Ga./Osborne",Last Name,Hometown/High School/Last College,Hometown/High School/Last College,Hometown/High School/Last College,football,georgia_tech
78,davis shawn,"McDonough, Ga./Union Grove","McDonough, Ga./Union Grove","McDonough, Ga./Union Grove",Last Name,Hometown/High School/Last College,Hometown/High School/Last College,Hometown/High School/Last College,football,georgia_tech
79,byrne liam,"Woodstock, Ga./Woodstock","Woodstock, Ga./Woodstock","Woodstock, Ga./Woodstock",Last Name,Hometown/High School/Last College,Hometown/High School/Last College,Hometown/High School/Last College,football,georgia_tech
80,owens antwan,"Tallahassee, Fla./Godby","Tallahassee, Fla./Godby","Tallahassee, Fla./Godby",Last Name,Hometown/High School/Last College,Hometown/High School/Last College,Hometown/High School/Last College,football,georgia_tech
81,adams brandon,"Brentwood, Tenn./Brentwood Academy","Brentwood, Tenn./Brentwood Academy","Brentwood, Tenn./Brentwood Academy",Last Name,Hometown/High School/Last College,Hometown/High School/Last College,Hometown/High School/Last College,football,georgia_tech
82,dawson kelton,"Stockbridge, Ga./Stockbridge","Stockbridge, Ga./Stockbridge","Stockbridge, Ga./Stockbridge",Last Name,Hometown/High School/Last College,Hometown/High School/Last College,Hometown/High School/Last College,football,georgia_tech
83,chimedza t.k.,"Dacula, Ga./IMG Academy","Dacula, Ga./IMG Academy","Dacula, Ga./IMG Academy",Last Name,Hometown/High School/Last College,Hometown/High School/Last College,Hometown/High School/Last College,football,georgia_tech
84,saint-amour anree,"Suwanee, Ga./North Gwinnett","Suwanee, Ga./North Gwinnett","Suwanee, Ga./North Gwinnett",Last Name,Hometown/High School/Last College,Hometown/High School/Last College,Hometown/High School/Last College,football,georgia_tech
85,merriweather tyler,"Demopolis, Ala./Demopolis","Demopolis, Ala./Demopolis","Demopolis, Ala./Demopolis",Last Name,Hometown/High School/Last College,Hometown/High School/Last College,Hometown/High School/Last College,football,georgia_tech
86,martin chris,"Loganville, Ga./Grayson","Loganville, Ga./Grayson","Loganville, Ga./Grayson",Last Name,Hometown/High School/Last College,Hometown/High School/Last College,Hometown/High School/Last College,football,georgia_tech
87,glanton brentavious,"Albany, Ga./Monroe Comprehensive","Albany, Ga./Monroe Comprehensive","Albany, Ga./Monroe Comprehensive",Last Name,Hometown/High School/Last College,Hometown/High School/Last College,Hometown/High School/Last College,football,georgia_tech
88,vernon tyler,"Hoschton, Ga./Mill Creek","Hoschton, Ga./Mill Creek","Hoschton, Ga./Mill Creek",Last Name,Hometown/High School/Last College,Hometown/High School/Last College,Hometown/High School/Last College,football,georgia_tech
89,branch desmond,"Rio Rancho, N.M./Cleveland/Trinity Valley Community College","Rio Rancho, N.M./Cleveland/Trinity Valley Community College","Rio Rancho, N.M./Cleveland/Trinity Valley Community College",Last Name,Hometown/High School/Last College,Hometown/High School/Last College,Hometown/High School/Last College,football,georgia_tech
90,carter malachi,"Lawrenceville, Ga./Mountain View","Lawrenceville, Ga./Mountain View","Lawrenceville, Ga./Mountain View",Last Name,Hometown/High School/Last College,Hometown/High School/Last College,Hometown/High School/Last College,football,georgia_tech
91,dingle justice,"Bowling Green, Ky./Bowling Green","Bowling Green, Ky./Bowling Green","Bowling Green, Ky./Bowling Green",Last Name,Hometown/High School/Last College,Hometown/High School/Last College,Hometown/High School/Last College,football,georgia_tech
92,domineck jordan,"Lakeland, Fla./George Jenkins","Lakeland, Fla./George Jenkins","Lakeland, Fla./George Jenkins",Last Name,Hometown/High School/Last College,Hometown/High School/Last College,Hometown/High School/Last College,football,georgia_tech
93,graham james,"Fitzgerald, Ga./Fitzgerald","Fitzgerald, Ga./Fitzgerald","Fitzgerald, Ga./Fitzgerald",Last Name,Hometown/High School/Last College,Hometown/High School/Last College,Hometown/High School/Last College,football,georgia_tech
94,griffin quon,"Rome, Ga./Rome","Rome, Ga./Rome","Rome, Ga./Rome",Last Name,Hometown/High School/Last College,Hometown/High School/Last College,Hometown/High School/Last College,football,georgia_tech
95,harris peje',"Newnan, Ga./Newnan","Newnan, Ga./Newnan","Newnan, Ga./Newnan",Last Name,Hometown/High School/Last College,Hometown/High School/Last College,Hometown/High School/Last College,football,georgia_tech
96,jackson jaylen,"Brunswick, Ga./Brunswick","Brunswick, Ga./Brunswick","Brunswick, Ga./Brunswick",Last Name,Hometown/High School/Last College,Hometown/High School/Last College,Hometown/High School/Last College,football,georgia_tech
97,johns luke,"Dalton, Ga./Southeast Whitfield","Dalton, Ga./Southeast Whitfield","Dalton, Ga./Southeast Whitfield",Last Name,Hometown/High School/Last College,Hometown/High School/Last College,Hometown/High School/Last College,football,georgia_tech
98,jump harrison,"Statham, Ga./Prince Avenue Christian School","Statham, Ga./Prince Avenue Christian School","Statham, Ga./Prince Avenue Christian School",Last Name,Hometown/High School/Last College,Hometown/High School/Last College,Hometown/High School/Last College,football,georgia_tech
99,king jaylon,"La Vergne, Tenn./Ensworth","La Vergne, Tenn./Ensworth","La Vergne, Tenn./Ensworth",Last Name,Hometown/High School/Last College,Hometown/High School/Last College,Hometown/High School/Last College,football,georgia_tech
100,malloy christian,"Lilburn, Ga./Parkview","Lilburn, Ga./Parkview","Lilburn, Ga./Parkview",Last Name,Hometown/High School/Last College,Hometown/High School/Last College,Hometown/High School/Last College,football,georgia_tech
101,maye michael,"Hoover, Ala./Hoover","Hoover, Ala./Hoover","Hoover, Ala./Hoover",Last Name,Hometown/High School/Last College,Hometown/High School/Last College,Hometown/High School/Last College,football,georgia_tech
102,mckeehan zakk,"St. Francisville, La./West Feliciana","St. Francisville, La./West Feliciana","St. Francisville, La./West Feliciana",Last Name,Hometown/High School/Last College,Hometown/High School/Last College,Hometown/High School/Last College,football,georgia_tech
103,smith austin,"McDonough, Ga./Ola","McDonough, Ga./Ola","McDonough, Ga./Ola",Last Name,Hometown/High School/Last College,Hometown/High School/Last College,Hometown/High School/Last College,football,georgia_tech
104,smith dontae,"Spring Hill, Tenn./Spring Hill","Spring Hill, Tenn./Spring Hill","Spring Hill, Tenn./Spring Hill",Last Name,Hometown/High School/Last College,Hometown/High School/Last College,Hometown/High School/Last College,football,georgia_tech
105,thomas juanyeh,"Niceville, Fla./Niceville","Niceville, Fla./Niceville","Niceville, Fla./Niceville",Last Name,Hometown/High School/Last College,Hometown/High School/Last College,Hometown/High School/Last College,football,georgia_tech
106,walton zamari,"Melbourne, Fla./Melbourne Central Catholic","Melbourne, Fla./Melbourne Central Catholic","Melbourne, Fla./Melbourne Central Catholic",Last Name,Hometown/High School/Last College,Hometown/High School/Last College,Hometown/High School/Last College,football,georgia_tech
107,whatley tijai,"Rome, Ga./Darlington School","Rome, Ga./Darlington School","Rome, Ga./Darlington School",Last Name,Hometown/High School/Last College,Hometown/High School/Last College,Hometown/High School/Last College,football,georgia_tech
0,bartlett avery,"Tallahassee, Fla.",Chiles,Chiles,Last Name,Hometown,High School,High School,mens cross country,georgia_tech
1,bowles christian,"Martinez, Ga.",Lakeside-Evans,Lakeside-Evans,Last Name,Hometown,High School,High School,mens cross country,georgia_tech
2,collins braeden,"Villa Rica, Ga.",Alexander,Alexander,Last Name,Hometown,High School,High School,mens cross country,georgia_tech
3,costa sam,"Buford, Ga.",Mill Creek,Mill Creek,Last Name,Hometown,High School,High School,mens cross country,georgia_tech
4,darosa gabriel,"Fort Lauderdale, Fla.",St. Thomas Aquinas,St. Thomas Aquinas,Last Name,Hometown,High School,High School,mens cross country,georgia_tech
5,fleming patrick,"Ball Ground, Ga.",Pope,Pope,Last Name,Hometown,High School,High School,mens cross country,georgia_tech
6,gangemi jag,"Smyrna, Ga.",Westminister,Westminister,Last Name,Hometown,High School,High School,mens cross country,georgia_tech
7,grady alex,"Covington, Ga.",Newton,Newton,Last Name,Hometown,High School,High School,mens cross country,georgia_tech
8,hillier bennett,"Bonney Lake, Wash.",Bonney Lake,Bonney Lake,Last Name,Hometown,High School,High School,mens cross country,georgia_tech
9,kent andrew,"Atlanta, Ga.",Lakeside-DeKalb,Lakeside-DeKalb,Last Name,Hometown,High School,High School,mens cross country,georgia_tech
10,littig andres,"Suwanee, Ga.",North Gwinnett,North Gwinnett,Last Name,Hometown,High School,High School,mens cross country,georgia_tech
11,lyons john,"Lake Mary, Fla.",Lake Mary,Lake Mary,Last Name,Hometown,High School,High School,mens cross country,georgia_tech
12,matson andrew,"Ashburn, Va.",Stone Bridge,Stone Bridge,Last Name,Hometown,High School,High School,mens cross country,georgia_tech
13,mcbrien matt,"Hinsdale, Ill.",Hinsdale Central,Hinsdale Central,Last Name,Hometown,High School,High School,mens cross country,georgia_tech
14,mccoy eamon,"Wilmington, Del.",Brandywine,Brandywine,Last Name,Hometown,High School,High School,mens cross country,georgia_tech
15,miller ryan,"Gainesville, Va.",Battlefield,Battlefield,Last Name,Hometown,High School,High School,mens cross country,georgia_tech
16,munns matt,"Marietta, Ga.",Blessed Trinity,Blessed Trinity,Last Name,Hometown,High School,High School,mens cross country,georgia_tech
17,peck ryan,"Marietta, Ga.",Wheeler,Wheeler,Last Name,Hometown,High School,High School,mens cross country,georgia_tech
18,penman isaac,"Lawrenceville, Ga.",Peachtree Ridge,Peachtree Ridge,Last Name,Hometown,High School,High School,mens cross country,georgia_tech
19,pittman frank,"Atlanta, Ga.",Marist School,Marist School,Last Name,Hometown,High School,High School,mens cross country,georgia_tech
20,reilly michael,"Setauket, N.Y.",Ward Melville,Ward Melville,Last Name,Hometown,High School,High School,mens cross country,georgia_tech
21,sanders mitchell,"Marietta, Ga.",Walton,Walton,Last Name,Hometown,High School,High School,mens cross country,georgia_tech
22,shaw tanner,"Danville, Calif.",Athenian,Athenian,Last Name,Hometown,High School,High School,mens cross country,georgia_tech
23,solomon nahom,"Snellville, Ga.",Shiloh,Shiloh,Last Name,Hometown,High School,High School,mens cross country,georgia_tech
24,teasley corson,"Gainesville, Ga.",North Hall,North Hall,Last Name,Hometown,High School,High School,mens cross country,georgia_tech
25,whorton tyler,"Douglasville, Ga.",Alexander,Alexander,Last Name,Hometown,High School,High School,mens cross country,georgia_tech
0,anderson haley,"Cumming, Ga.",West Forsyth,West Forsyth,Last Name,Hometown,High School,High School,womens cross country,georgia_tech
1,dow rebecca,"Marietta, Ga.",Marietta,Marietta,Last Name,Hometown,High School,High School,womens cross country,georgia_tech
2,edouard kendria,"Douglasville, Ga.",Chapel Hill,Chapel Hill,Last Name,Hometown,High School,High School,womens cross country,georgia_tech
3,entrekin rebecca,"Tucker, Ga.",St. Pius X,St. Pius X,Last Name,Hometown,High School,High School,womens cross country,georgia_tech
4,fairey kristin,"Mount Pleasant, S.C.",Academic Magnet,Academic Magnet,Last Name,Hometown,High School,High School,womens cross country,georgia_tech
5,fegans nicole,"Douglasville, Ga.",Landmark Christian,Landmark Christian,Last Name,Hometown,High School,High School,womens cross country,georgia_tech
6,flanagan-rosario rhiannon,"Evanston, Ill.",Evanston Township,Evanston Township,Last Name,Hometown,High School,High School,womens cross country,georgia_tech
7,flood ellen,"Brownsburg, Ind.",Cathedral,Cathedral,Last Name,Hometown,High School,High School,womens cross country,georgia_tech
8,folio samantha,"Melbourne, Fla.",Holy Trinity,Holy Trinity,Last Name,Hometown,High School,High School,womens cross country,georgia_tech
9,galarza liz,"Cumming, Ga.",West Forsyth,West Forsyth,Last Name,Hometown,High School,High School,womens cross country,georgia_tech
10,gant erin,"Roswell, Ga.",Roswell,Roswell,Last Name,Hometown,High School,High School,womens cross country,georgia_tech
11,gollnick hailey,"Peachtree City, Ga.",Starr's Mill,Starr's Mill,Last Name,Hometown,High School,High School,womens cross country,georgia_tech
12,gusmerotti gabrielle,"Norcross, Ga.",Norcross,Norcross,Last Name,Hometown,High School,High School,womens cross country,georgia_tech
13,herndon hana,"Winter Park, Fla.",Winter Park,Winter Park,Last Name,Hometown,High School,High School,womens cross country,georgia_tech
14,melehan alexandra,"Canton, Ga.",Woodstock,Woodstock,Last Name,Hometown,High School,High School,womens cross country,georgia_tech
15,naser courtney,"Havertown, Pa.",Haverford,Haverford,Last Name,Hometown,High School,High School,womens cross country,georgia_tech
16,nelson kendall,"Decatur, Ga.",Marist,Marist,Last Name,Hometown,High School,High School,womens cross country,georgia_tech
17,pardo juanita,"Alpharetta, Ga.",Milton,Milton,Last Name,Hometown,High School,High School,womens cross country,georgia_tech
18,petit hannah,"Braselton, Ga.",Mill Creek,Mill Creek,Last Name,Hometown,High School,High School,womens cross country,georgia_tech
19,powell brittany,"Roswell, Ga.",Pope,Pope,Last Name,Hometown,High School,High School,womens cross country,georgia_tech
20,prouty mary,"Charlotte, N.C.",Myers Park,Myers Park,Last Name,Hometown,High School,High School,womens cross country,georgia_tech
21,repasy marie,"Alpharetta, Ga.",Milton,Milton,Last Name,Hometown,High School,High School,womens cross country,georgia_tech
22,ruiz amy,"Milton, Ga.",Milton,Milton,Last Name,Hometown,High School,High School,womens cross country,georgia_tech
23,smith corrie,"Atlanta, Ga.",Lakeside-Dekalb,Lakeside-Dekalb,Last Name,Hometown,High School,High School,womens cross country,georgia_tech
24,solomon mary claire,"Johns Creek, Ga.",Blessed Trinity,Blessed Trinity,Last Name,Hometown,High School,High School,womens cross country,georgia_tech
25,stephens charlotte,"Maitland, Fla.",Winter Park,Winter Park,Last Name,Hometown,High School,High School,womens cross country,georgia_tech
26,stumvoll haley,"Oakton, Va.",Jefferson Science & Technology,Jefferson Science & Technology,Last Name,Hometown,High School,High School,womens cross country,georgia_tech
27,thorne rachel,"Alpharetta, Ga.",Alpharetta,Alpharetta,Last Name,Hometown,High School,High School,womens cross country,georgia_tech
28,zaubi nicole,"Peachtree City, Ga.",McIntosh,McIntosh,Last Name,Hometown,High School,High School,womens cross country,georgia_tech
0,clark james,"Columbus, Ga./Brookstone HS","Columbus, Ga./Brookstone HS","Columbus, Ga./Brookstone HS",Last Name,Hometown/High School/Last College,Hometown/High School/Last College,Hometown/High School/Last College,mens golf,georgia_tech
1,dickson will,"Providence, R.I./Moses Brown HS","Providence, R.I./Moses Brown HS","Providence, R.I./Moses Brown HS",Last Name,Hometown/High School/Last College,Hometown/High School/Last College,Hometown/High School/Last College,mens golf,georgia_tech
2,joiner jacob,"Leesburg, Ga./home schooled","Leesburg, Ga./home schooled","Leesburg, Ga./home schooled",Last Name,Hometown/High School/Last College,Hometown/High School/Last College,Hometown/High School/Last College,mens golf,georgia_tech
3,joiner tyler,"Leesburg, Ga./home schooled","Leesburg, Ga./home schooled","Leesburg, Ga./home schooled",Last Name,Hometown/High School/Last College,Hometown/High School/Last College,Hometown/High School/Last College,mens golf,georgia_tech
4,norton noah,"Chico, Calif./Pleasant Valley HS","Chico, Calif./Pleasant Valley HS","Chico, Calif./Pleasant Valley HS",Last Name,Hometown/High School/Last College,Hometown/High School/Last College,Hometown/High School/Last College,mens golf,georgia_tech
5,ogletree andy,"Little Rock, Miss./Union HS","Little Rock, Miss./Union HS","Little Rock, Miss./Union HS",Last Name,Hometown/High School/Last College,Hometown/High School/Last College,Hometown/High School/Last College,mens golf,georgia_tech
6,petefish chris,"Danville, Calif./Scottsdale [Ariz.] Christian Academy","Danville, Calif./Scottsdale [Ariz.] Christian Academy","Danville, Calif./Scottsdale [Ariz.] Christian Academy",Last Name,Hometown/High School/Last College,Hometown/High School/Last College,Hometown/High School/Last College,mens golf,georgia_tech
7,pisciotta michael,"Alpharetta, Ga./Alpharetta HS/National HS","Alpharetta, Ga./Alpharetta HS/National HS","Alpharetta, Ga./Alpharetta HS/National HS",Last Name,Hometown/High School/Last College,Hometown/High School/Last College,Hometown/High School/Last College,mens golf,georgia_tech
8,schniederjans luke,"Powder Springs, Ga./Harrison HS","Powder Springs, Ga./Harrison HS","Powder Springs, Ga./Harrison HS",Last Name,Hometown/High School/Last College,Hometown/High School/Last College,Hometown/High School/Last College,mens golf,georgia_tech
9,serafini anton,"Lake Mary, Fla./Lake Mary Prep","Lake Mary, Fla./Lake Mary Prep","Lake Mary, Fla./Lake Mary Prep",Last Name,Hometown/High School/Last College,Hometown/High School/Last College,Hometown/High School/Last College,mens golf,georgia_tech
10,smith ben,"Novi, Mich./Detroit Catholic Central","Novi, Mich./Detroit Catholic Central","Novi, Mich./Detroit Catholic Central",Last Name,Hometown/High School/Last College,Hometown/High School/Last College,Hometown/High School/Last College,mens golf,georgia_tech
11,strafaci tyler,"Davie, Fla./American Heritage School","Davie, Fla./American Heritage School","Davie, Fla./American Heritage School",Last Name,Hometown/High School/Last College,Hometown/High School/Last College,Hometown/High School/Last College,mens golf,georgia_tech
0,brook aidan,"Athens, Ga. (Oconee County)","Athens, Ga. (Oconee County)","Athens, Ga. (Oconee County)",Last Name,Hometown (High School),Hometown (High School),Hometown (High School),mens swimming,georgia_tech
1,carman henry,"Madison, Wis. (Monona Grove)","Madison, Wis. (Monona Grove)","Madison, Wis. (Monona Grove)",Last Name,Hometown (High School),Hometown (High School),Hometown (High School),mens swimming,georgia_tech
2,casillas matt,"Orange, Calif. (El Modena)","Orange, Calif. (El Modena)","Orange, Calif. (El Modena)",Last Name,Hometown (High School),Hometown (High School),Hometown (High School),mens swimming,georgia_tech
3,correia rodrigo,"Belo Horizonte, Brazil","Belo Horizonte, Brazil","Belo Horizonte, Brazil",Last Name,Hometown (High School),Hometown (High School),Hometown (High School),mens swimming,georgia_tech
4,daniel austin,"Milton, Ga. (Cambridge)","Milton, Ga. (Cambridge)","Milton, Ga. (Cambridge)",Last Name,Hometown (High School),Hometown (High School),Hometown (High School),mens swimming,georgia_tech
5,day brennan,"Evans, Ga. (Greenbrier)","Evans, Ga. (Greenbrier)","Evans, Ga. (Greenbrier)",Last Name,Hometown (High School),Hometown (High School),Hometown (High School),mens swimming,georgia_tech
6,ferraro christian,"Altivole, Italy (Istituto Statale d'Istruzione Superiore)","Altivole, Italy (Istituto Statale d'Istruzione Superiore)","Altivole, Italy (Istituto Statale d'Istruzione Superiore)",Last Name,Hometown (High School),Hometown (High School),Hometown (High School),mens swimming,georgia_tech
7,harasz noah,"St. Petersburg, Fla. (Lakewood)","St. Petersburg, Fla. (Lakewood)","St. Petersburg, Fla. (Lakewood)",Last Name,Hometown (High School),Hometown (High School),Hometown (High School),mens swimming,georgia_tech
8,hering clay,"Greensboro, N.C. (Page)","Greensboro, N.C. (Page)","Greensboro, N.C. (Page)",Last Name,Hometown (High School),Hometown (High School),Hometown (High School),mens swimming,georgia_tech
9,kimpel alex,"Orlando, Fla. (Timber Creek)","Orlando, Fla. (Timber Creek)","Orlando, Fla. (Timber Creek)",Last Name,Hometown (High School),Hometown (High School),Hometown (High School),mens swimming,georgia_tech
10,koski joonas,"Johns Creek, Ga. (Northview)","Johns Creek, Ga. (Northview)","Johns Creek, Ga. (Northview)",Last Name,Hometown (High School),Hometown (High School),Hometown (High School),mens swimming,georgia_tech
11,kreider jacob,"Arlington, Va. (Yorktown)","Arlington, Va. (Yorktown)","Arlington, Va. (Yorktown)",Last Name,Hometown (High School),Hometown (High School),Hometown (High School),mens swimming,georgia_tech
12,loschi moises,"Venegazzu, Italy (Instituto Statale Di Istruzione Superiore)","Venegazzu, Italy (Instituto Statale Di Istruzione Superiore)","Venegazzu, Italy (Instituto Statale Di Istruzione Superiore)",Last Name,Hometown (High School),Hometown (High School),Hometown (High School),mens swimming,georgia_tech
13,mallet nolan,"Jupiter, Fla. (Alexander W. Dreyfoos School of the Arts)","Jupiter, Fla. (Alexander W. Dreyfoos School of the Arts)","Jupiter, Fla. (Alexander W. Dreyfoos School of the Arts)",Last Name,Hometown (High School),Hometown (High School),Hometown (High School),mens swimming,georgia_tech
14,miles corben,"Acton, Mass. (Acton Boxborough Regional)","Acton, Mass. (Acton Boxborough Regional)","Acton, Mass. (Acton Boxborough Regional)",Last Name,Hometown (High School),Hometown (High School),Hometown (High School),mens swimming,georgia_tech
15,murray jeffrey,"Charlotte, N.C. (Marvin Ridge)","Charlotte, N.C. (Marvin Ridge)","Charlotte, N.C. (Marvin Ridge)",Last Name,Hometown (High School),Hometown (High School),Hometown (High School),mens swimming,georgia_tech
16,oberg brad,"Spartanburg, S.C. (Spartanburg)","Spartanburg, S.C. (Spartanburg)","Spartanburg, S.C. (Spartanburg)",Last Name,Hometown (High School),Hometown (High School),Hometown (High School),mens swimming,georgia_tech
17,pastel aidan,"Springfield, Va. (West Springfield)","Springfield, Va. (West Springfield)","Springfield, Va. (West Springfield)",Last Name,Hometown (High School),Hometown (High School),Hometown (High School),mens swimming,georgia_tech
18,portillo joseph,"Duluth, Ga. (Duluth)","Duluth, Ga. (Duluth)","Duluth, Ga. (Duluth)",Last Name,Hometown (High School),Hometown (High School),Hometown (High School),mens swimming,georgia_tech
19,pumputis caio,"Sao Paulo, Brazil (Colegio Avanco de Ensino Programado)","Sao Paulo, Brazil (Colegio Avanco de Ensino Programado)","Sao Paulo, Brazil (Colegio Avanco de Ensino Programado)",Last Name,Hometown (High School),Hometown (High School),Hometown (High School),mens swimming,georgia_tech
20,reyes franco,"Burr Ridge, Ill. (Hinsdale Central)","Burr Ridge, Ill. (Hinsdale Central)","Burr Ridge, Ill. (Hinsdale Central)",Last Name,Hometown (High School),Hometown (High School),Hometown (High School),mens swimming,georgia_tech
21,slanschek tim,"Sennwald, Switzerland (Liechtensteinisches Gymnasium Vaduz)","Sennwald, Switzerland (Liechtensteinisches Gymnasium Vaduz)","Sennwald, Switzerland (Liechtensteinisches Gymnasium Vaduz)",Last Name,Hometown (High School),Hometown (High School),Hometown (High School),mens swimming,georgia_tech
22,talley quentin,"Trabuco Canyon, Calif. (St.  Margaret's Episcopal School)","Trabuco Canyon, Calif. (St.  Margaret's Episcopal School)","Trabuco Canyon, Calif. (St.  Margaret's Episcopal School)",Last Name,Hometown (High School),Hometown (High School),Hometown (High School),mens swimming,georgia_tech
23,vater jonathan,"Alpharetta, Ga. (Alpharetta)","Alpharetta, Ga. (Alpharetta)","Alpharetta, Ga. (Alpharetta)",Last Name,Hometown (High School),Hometown (High School),Hometown (High School),mens swimming,georgia_tech
24,waln davis,"Atlanta, Ga. (The Galloway School)","Atlanta, Ga. (The Galloway School)","Atlanta, Ga. (The Galloway School)",Last Name,Hometown (High School),Hometown (High School),Hometown (High School),mens swimming,georgia_tech
25,warnakulasuriya leon,"League City, Texas (Clear Springs)","League City, Texas (Clear Springs)","League City, Texas (Clear Springs)",Last Name,Hometown (High School),Hometown (High School),Hometown (High School),mens swimming,georgia_tech
26,whalen austin,"Southlake, Texas (Carroll Senior)","Southlake, Texas (Carroll Senior)","Southlake, Texas (Carroll Senior)",Last Name,Hometown (High School),Hometown (High School),Hometown (High School),mens swimming,georgia_tech
27,williamson colt,"Johns Creek, Ga. (Johns Creek)","Johns Creek, Ga. (Johns Creek)","Johns Creek, Ga. (Johns Creek)",Last Name,Hometown (High School),Hometown (High School),Hometown (High School),mens swimming,georgia_tech
28,yang jonathan,"Lawrenceville, Ga. (Peachtree Ridge)","Lawrenceville, Ga. (Peachtree Ridge)","Lawrenceville, Ga. (Peachtree Ridge)",Last Name,Hometown (High School),Hometown (High School),Hometown (High School),mens swimming,georgia_tech
29,zhi albert,"Honolulu, Hawai'i (Maryknoll School)","Honolulu, Hawai'i (Maryknoll School)","Honolulu, Hawai'i (Maryknoll School)",Last Name,Hometown (High School),Hometown (High School),Hometown (High School),mens swimming,georgia_tech
0,al khatib sara,"Beirut, Lebanon (Immaculate (Conn.))","Beirut, Lebanon (Immaculate (Conn.))","Beirut, Lebanon (Immaculate (Conn.))",Last Name,Hometown (High School),Hometown (High School),Hometown (High School),womens swimming,georgia_tech
1,best lila,"Atlanta, Ga. (Riverwood International Charter School)","Atlanta, Ga. (Riverwood International Charter School)","Atlanta, Ga. (Riverwood International Charter School)",Last Name,Hometown (High School),Hometown (High School),Hometown (High School),womens swimming,georgia_tech
2,branton laura,"Oakton, Va. (Oakton)","Oakton, Va. (Oakton)","Oakton, Va. (Oakton)",Last Name,Hometown (High School),Hometown (High School),Hometown (High School),womens swimming,georgia_tech
3,de bruyn kira,"Marietta, Ga. (Walton)","Marietta, Ga. (Walton)","Marietta, Ga. (Walton)",Last Name,Hometown (High School),Hometown (High School),Hometown (High School),womens swimming,georgia_tech
4,doi carly,"San Diego, Calif. (Rancho Bernardo)","San Diego, Calif. (Rancho Bernardo)","San Diego, Calif. (Rancho Bernardo)",Last Name,Hometown (High School),Hometown (High School),Hometown (High School),womens swimming,georgia_tech
5,dykstra emily,"Apex, N.C. (Cardinal Gibbons)","Apex, N.C. (Cardinal Gibbons)","Apex, N.C. (Cardinal Gibbons)",Last Name,Hometown (High School),Hometown (High School),Hometown (High School),womens swimming,georgia_tech
6,gilbert sara,"Atlanta, Ga. (St. Pius X Catholic)","Atlanta, Ga. (St. Pius X Catholic)","Atlanta, Ga. (St. Pius X Catholic)",Last Name,Hometown (High School),Hometown (High School),Hometown (High School),womens swimming,georgia_tech
7,gohr paige,"Laguna Niguel, Calif. (Santa Margarita Catholic)","Laguna Niguel, Calif. (Santa Margarita Catholic)","Laguna Niguel, Calif. (Santa Margarita Catholic)",Last Name,Hometown (High School),Hometown (High School),Hometown (High School),womens swimming,georgia_tech
8,gonen tamir,"London, United Kingdom (Plymouth College)","London, United Kingdom (Plymouth College)","London, United Kingdom (Plymouth College)",Last Name,Hometown (High School),Hometown (High School),Hometown (High School),womens swimming,georgia_tech
9,hansen megan,"Snellville, Ga. (Brookwood)","Snellville, Ga. (Brookwood)","Snellville, Ga. (Brookwood)",Last Name,Hometown (High School),Hometown (High School),Hometown (High School),womens swimming,georgia_tech
10,hepler kristen,"Katy, Texas (Seven Lakes)","Katy, Texas (Seven Lakes)","Katy, Texas (Seven Lakes)",Last Name,Hometown (High School),Hometown (High School),Hometown (High School),womens swimming,georgia_tech
11,hidalgo camryn,"Mission Viejo, Calif. (Capistrano Valley)","Mission Viejo, Calif. (Capistrano Valley)","Mission Viejo, Calif. (Capistrano Valley)",Last Name,Hometown (High School),Hometown (High School),Hometown (High School),womens swimming,georgia_tech
12,ilgenfritz emily,"York, Pa. (Central York)","York, Pa. (Central York)","York, Pa. (Central York)",Last Name,Hometown (High School),Hometown (High School),Hometown (High School),womens swimming,georgia_tech
13,ilie florina,"Ploiesti, Romania (CN Nichita Stanescu)","Ploiesti, Romania (CN Nichita Stanescu)","Ploiesti, Romania (CN Nichita Stanescu)",Last Name,Hometown (High School),Hometown (High School),Hometown (High School),womens swimming,georgia_tech
14,kitchens kaitlin,"Alpharetta, Ga. (Johns Creek)","Alpharetta, Ga. (Johns Creek)","Alpharetta, Ga. (Johns Creek)",Last Name,Hometown (High School),Hometown (High School),Hometown (High School),womens swimming,georgia_tech
15,lee caroline,"Leesburg, Va. (Heritage)","Leesburg, Va. (Heritage)","Leesburg, Va. (Heritage)",Last Name,Hometown (High School),Hometown (High School),Hometown (High School),womens swimming,georgia_tech
16,long camille,"Hendersonville, N.C. (T.C. Roberson)","Hendersonville, N.C. (T.C. Roberson)","Hendersonville, N.C. (T.C. Roberson)",Last Name,Hometown (High School),Hometown (High School),Hometown (High School),womens swimming,georgia_tech
17,lyons morgan,"Alpharetta, Ga. (Alpharetta)","Alpharetta, Ga. (Alpharetta)","Alpharetta, Ga. (Alpharetta)",Last Name,Hometown (High School),Hometown (High School),Hometown (High School),womens swimming,georgia_tech
18,macgregor catriona,"Austin, Texas (Westlake)","Austin, Texas (Westlake)","Austin, Texas (Westlake)",Last Name,Hometown (High School),Hometown (High School),Hometown (High School),womens swimming,georgia_tech
19,mauldin grace,"Athens, Ga. (Clarke Central)","Athens, Ga. (Clarke Central)","Athens, Ga. (Clarke Central)",Last Name,Hometown (High School),Hometown (High School),Hometown (High School),womens swimming,georgia_tech
20,miller chloe,"Jacksonville, Fla. (The Bolles School)","Jacksonville, Fla. (The Bolles School)","Jacksonville, Fla. (The Bolles School)",Last Name,Hometown (High School),Hometown (High School),Hometown (High School),womens swimming,georgia_tech
21,nilsson alexandra,"Saltsjobaden, Sweden (Sjolins Gymnasium)","Saltsjobaden, Sweden (Sjolins Gymnasium)","Saltsjobaden, Sweden (Sjolins Gymnasium)",Last Name,Hometown (High School),Hometown (High School),Hometown (High School),womens swimming,georgia_tech
22,nugent celine,"North Bethesda, Md. (Walter Johnson)","North Bethesda, Md. (Walter Johnson)","North Bethesda, Md. (Walter Johnson)",Last Name,Hometown (High School),Hometown (High School),Hometown (High School),womens swimming,georgia_tech
23,oliver maddie,"Aldie, Va. (John Champe)","Aldie, Va. (John Champe)","Aldie, Va. (John Champe)",Last Name,Hometown (High School),Hometown (High School),Hometown (High School),womens swimming,georgia_tech
24,paschal allie,"LaGrange, Ga. (LaGrange)","LaGrange, Ga. (LaGrange)","LaGrange, Ga. (LaGrange)",Last Name,Hometown (High School),Hometown (High School),Hometown (High School),womens swimming,georgia_tech
25,sak jordyn,"Atlanta, Ga. (Lakeside)","Atlanta, Ga. (Lakeside)","Atlanta, Ga. (Lakeside)",Last Name,Hometown (High School),Hometown (High School),Hometown (High School),womens swimming,georgia_tech
26,shuford julia,"Atlanta, Ga. (Lakeside)","Atlanta, Ga. (Lakeside)","Atlanta, Ga. (Lakeside)",Last Name,Hometown (High School),Hometown (High School),Hometown (High School),womens swimming,georgia_tech
27,wallace lindsay,"Augusta, Ga. (Davidson Fine Arts)","Augusta, Ga. (Davidson Fine Arts)","Augusta, Ga. (Davidson Fine Arts)",Last Name,Hometown (High School),Hometown (High School),Hometown (High School),womens swimming,georgia_tech
28,wang iris,"Xiamen, China (Shenzhen Huaqiaocheng)","Xiamen, China (Shenzhen Huaqiaocheng)","Xiamen, China (Shenzhen Huaqiaocheng)",Last Name,Hometown (High School),Hometown (High School),Hometown (High School),womens swimming,georgia_tech
29,williams kayla,"Alpharetta, Ga. (Chattahoochee)","Alpharetta, Ga. (Chattahoochee)","Alpharetta, Ga. (Chattahoochee)",Last Name,Hometown (High School),Hometown (High School),Hometown (High School),womens swimming,georgia_tech
30,yates abbey,"Dunwoody, Ga. (Dunwoody)","Dunwoody, Ga. (Dunwoody)","Dunwoody, Ga. (Dunwoody)",Last Name,Hometown (High School),Hometown (High School),Hometown (High School),womens swimming,georgia_tech
31,young megan,"Woodstock, Ga. (Etowah)","Woodstock, Ga. (Etowah)","Woodstock, Ga. (Etowah)",Last Name,Hometown (High School),Hometown (High School),Hometown (High School),womens swimming,georgia_tech
0,bauer zummy,"Suwanee, Ga.",Laurel Springs School,Laurel Springs School,Last Name,Hometown,High School,High School,mens tennis,georgia_tech
1,divar carlos,"Vitoria, Spain",Immaculada Concepcio de Gava,Immaculada Concepcio de Gava,Last Name,Hometown,High School,High School,mens tennis,georgia_tech
2,freestone brandon,"Roswell, Ga.",Rivers Academy,Rivers Academy,Last Name,Hometown,High School,High School,mens tennis,georgia_tech
3,gresk phillip,"Warsaw, Poland",Florida Virtual School,Florida Virtual School,Last Name,Hometown,High School,High School,mens tennis,georgia_tech
4,kay michael,"Alpharetta, Ga.",Rivers Academy,Rivers Academy,Last Name,Hometown,High School,High School,mens tennis,georgia_tech
5,li andrew,"Hong Kong, China",Laurel Springs School,Laurel Springs School,Last Name,Hometown,High School,High School,mens tennis,georgia_tech
6,melendez elijah,"Suwanee, Ga.",Home schooled,Home schooled,Last Name,Hometown,High School,High School,mens tennis,georgia_tech
7,yun chris,"Marietta, Ga.",Lassiter HS,Lassiter HS,Last Name,Hometown,High School,High School,mens tennis,georgia_tech
8,yun daniel,"Marietta, Ga.",Lassiter HS,Lassiter HS,Last Name,Hometown,High School,High School,mens tennis,georgia_tech
0,flores victoria,"Fort Dodge, Iowa/Kansas Connections Academy",N/A,"Fort Dodge, Iowa/Kansas Connections Academy",Last Name,Hometown/Last School,N/A,Hometown/Last School,womens tennis,georgia_tech
1,gizdova nadia,"Columbia, Md./Laurel Springs School",N/A,"Columbia, Md./Laurel Springs School",Last Name,Hometown/Last School,N/A,Hometown/Last School,womens tennis,georgia_tech
2,hourigan paige,"Turakina, New Zealand/St. Kentigern College",N/A,"Turakina, New Zealand/St. Kentigern College",Last Name,Hometown/Last School,N/A,Hometown/Last School,womens tennis,georgia_tech
3,jarlskog ida,"Lund, Sweden/Bastad",N/A,"Lund, Sweden/Bastad",Last Name,Hometown/Last School,N/A,Hometown/Last School,womens tennis,georgia_tech
4,jones kenya,"Memphis, Tenn./White Station",N/A,"Memphis, Tenn./White Station",Last Name,Hometown/Last School,N/A,Hometown/Last School,womens tennis,georgia_tech
5,otsuka nami,"Norcross, Ga./Duluth",N/A,"Norcross, Ga./Duluth",Last Name,Hometown/Last School,N/A,Hometown/Last School,womens tennis,georgia_tech
6,renaud johnnise,"North Miami, Fla./Florida Virtual",N/A,"North Miami, Fla./Florida Virtual",Last Name,Hometown/Last School,N/A,Hometown/Last School,womens tennis,georgia_tech
0,bartlett avery,"Tallahassee, Fla./Chiles","Tallahassee, Fla./Chiles","Tallahassee, Fla./Chiles",Last Name,HOMETOWN/HIGH SCHOOL/Last College,HOMETOWN/HIGH SCHOOL/Last College,HOMETOWN/HIGH SCHOOL/Last College,mens track,georgia_tech
1,bowles christian,"Martinez, Ga./Lakeside-Evans","Martinez, Ga./Lakeside-Evans","Martinez, Ga./Lakeside-Evans",Last Name,HOMETOWN/HIGH SCHOOL/Last College,HOMETOWN/HIGH SCHOOL/Last College,HOMETOWN/HIGH SCHOOL/Last College,mens track,georgia_tech
2,brooks ty,"Augusta, Ga./Evans","Augusta, Ga./Evans","Augusta, Ga./Evans",Last Name,HOMETOWN/HIGH SCHOOL/Last College,HOMETOWN/HIGH SCHOOL/Last College,HOMETOWN/HIGH SCHOOL/Last College,mens track,georgia_tech
3,collins braeden,/,/,/,Last Name,HOMETOWN/HIGH SCHOOL/Last College,HOMETOWN/HIGH SCHOOL/Last College,HOMETOWN/HIGH SCHOOL/Last College,mens track,georgia_tech
4,costa sam,"Buford, Ga./Mill Creek","Buford, Ga./Mill Creek","Buford, Ga./Mill Creek",Last Name,HOMETOWN/HIGH SCHOOL/Last College,HOMETOWN/HIGH SCHOOL/Last College,HOMETOWN/HIGH SCHOOL/Last College,mens track,georgia_tech
5,darosa gabriel,"Fort Lauderdale, Fla./St. Thomas Aquinas","Fort Lauderdale, Fla./St. Thomas Aquinas","Fort Lauderdale, Fla./St. Thomas Aquinas",Last Name,HOMETOWN/HIGH SCHOOL/Last College,HOMETOWN/HIGH SCHOOL/Last College,HOMETOWN/HIGH SCHOOL/Last College,mens track,georgia_tech
6,fleming patrick,"Ball Ground, Ga./Pope","Ball Ground, Ga./Pope","Ball Ground, Ga./Pope",Last Name,HOMETOWN/HIGH SCHOOL/Last College,HOMETOWN/HIGH SCHOOL/Last College,HOMETOWN/HIGH SCHOOL/Last College,mens track,georgia_tech
7,gangemi jag,"Smyrna, Ga./Westminister","Smyrna, Ga./Westminister","Smyrna, Ga./Westminister",Last Name,HOMETOWN/HIGH SCHOOL/Last College,HOMETOWN/HIGH SCHOOL/Last College,HOMETOWN/HIGH SCHOOL/Last College,mens track,georgia_tech
8,grady alex,"Covington, Ga./Newton","Covington, Ga./Newton","Covington, Ga./Newton",Last Name,HOMETOWN/HIGH SCHOOL/Last College,HOMETOWN/HIGH SCHOOL/Last College,HOMETOWN/HIGH SCHOOL/Last College,mens track,georgia_tech
9,hillier bennett,"Bonney Lake, Wash./Bonney Lake","Bonney Lake, Wash./Bonney Lake","Bonney Lake, Wash./Bonney Lake",Last Name,HOMETOWN/HIGH SCHOOL/Last College,HOMETOWN/HIGH SCHOOL/Last College,HOMETOWN/HIGH SCHOOL/Last College,mens track,georgia_tech
10,jean benjamin,/Grovetown,/Grovetown,/Grovetown,Last Name,HOMETOWN/HIGH SCHOOL/Last College,HOMETOWN/HIGH SCHOOL/Last College,HOMETOWN/HIGH SCHOOL/Last College,mens track,georgia_tech
11,jones lionel,"Fayetteville, Ga./Whitewater","Fayetteville, Ga./Whitewater","Fayetteville, Ga./Whitewater",Last Name,HOMETOWN/HIGH SCHOOL/Last College,HOMETOWN/HIGH SCHOOL/Last College,HOMETOWN/HIGH SCHOOL/Last College,mens track,georgia_tech
12,kent andrew,"Atlanta, Ga./Lakeside-Dekalb","Atlanta, Ga./Lakeside-Dekalb","Atlanta, Ga./Lakeside-Dekalb",Last Name,HOMETOWN/HIGH SCHOOL/Last College,HOMETOWN/HIGH SCHOOL/Last College,HOMETOWN/HIGH SCHOOL/Last College,mens track,georgia_tech
13,kimura smith mark,"Marietta, Ga./Walton","Marietta, Ga./Walton","Marietta, Ga./Walton",Last Name,HOMETOWN/HIGH SCHOOL/Last College,HOMETOWN/HIGH SCHOOL/Last College,HOMETOWN/HIGH SCHOOL/Last College,mens track,georgia_tech
14,littig andres,"Suwanee, Ga./North Gwinnett","Suwanee, Ga./North Gwinnett","Suwanee, Ga./North Gwinnett",Last Name,HOMETOWN/HIGH SCHOOL/Last College,HOMETOWN/HIGH SCHOOL/Last College,HOMETOWN/HIGH SCHOOL/Last College,mens track,georgia_tech
15,lyons john,"Lake Mary, Fla./Lake Mary","Lake Mary, Fla./Lake Mary","Lake Mary, Fla./Lake Mary",Last Name,HOMETOWN/HIGH SCHOOL/Last College,HOMETOWN/HIGH SCHOOL/Last College,HOMETOWN/HIGH SCHOOL/Last College,mens track,georgia_tech
16,matson andrew,"Ashburn, Va./Stone Bridge","Ashburn, Va./Stone Bridge","Ashburn, Va./Stone Bridge",Last Name,HOMETOWN/HIGH SCHOOL/Last College,HOMETOWN/HIGH SCHOOL/Last College,HOMETOWN/HIGH SCHOOL/Last College,mens track,georgia_tech
17,mcbrien matt,"Hinsdale, Ill./Hinsdale Central","Hinsdale, Ill./Hinsdale Central","Hinsdale, Ill./Hinsdale Central",Last Name,HOMETOWN/HIGH SCHOOL/Last College,HOMETOWN/HIGH SCHOOL/Last College,HOMETOWN/HIGH SCHOOL/Last College,mens track,georgia_tech
18,mccoy eamon,"Wilmington, Del./Brandywine","Wilmington, Del./Brandywine","Wilmington, Del./Brandywine",Last Name,HOMETOWN/HIGH SCHOOL/Last College,HOMETOWN/HIGH SCHOOL/Last College,HOMETOWN/HIGH SCHOOL/Last College,mens track,georgia_tech
19,miller ryan,"Gainesville, Va./Battlefield","Gainesville, Va./Battlefield","Gainesville, Va./Battlefield",Last Name,HOMETOWN/HIGH SCHOOL/Last College,HOMETOWN/HIGH SCHOOL/Last College,HOMETOWN/HIGH SCHOOL/Last College,mens track,georgia_tech
20,munns matt,"Marietta, Ga./Blessed Trinity","Marietta, Ga./Blessed Trinity","Marietta, Ga./Blessed Trinity",Last Name,HOMETOWN/HIGH SCHOOL/Last College,HOMETOWN/HIGH SCHOOL/Last College,HOMETOWN/HIGH SCHOOL/Last College,mens track,georgia_tech
21,peck ryan,"Marietta, Ga./Wheeler","Marietta, Ga./Wheeler","Marietta, Ga./Wheeler",Last Name,HOMETOWN/HIGH SCHOOL/Last College,HOMETOWN/HIGH SCHOOL/Last College,HOMETOWN/HIGH SCHOOL/Last College,mens track,georgia_tech
22,penman isaac,"Lawrenceville, Ga./Peachtree Ridge","Lawrenceville, Ga./Peachtree Ridge","Lawrenceville, Ga./Peachtree Ridge",Last Name,HOMETOWN/HIGH SCHOOL/Last College,HOMETOWN/HIGH SCHOOL/Last College,HOMETOWN/HIGH SCHOOL/Last College,mens track,georgia_tech
23,pietsch daniel,"Wailuku, Hawaii/Seabury Hall/Emory","Wailuku, Hawaii/Seabury Hall/Emory","Wailuku, Hawaii/Seabury Hall/Emory",Last Name,HOMETOWN/HIGH SCHOOL/Last College,HOMETOWN/HIGH SCHOOL/Last College,HOMETOWN/HIGH SCHOOL/Last College,mens track,georgia_tech
24,pittman frank,"Atlanta, Ga./Marist School","Atlanta, Ga./Marist School","Atlanta, Ga./Marist School",Last Name,HOMETOWN/HIGH SCHOOL/Last College,HOMETOWN/HIGH SCHOOL/Last College,HOMETOWN/HIGH SCHOOL/Last College,mens track,georgia_tech
25,reilly mike,"Setauket, N.Y./Ward Melville","Setauket, N.Y./Ward Melville","Setauket, N.Y./Ward Melville",Last Name,HOMETOWN/HIGH SCHOOL/Last College,HOMETOWN/HIGH SCHOOL/Last College,HOMETOWN/HIGH SCHOOL/Last College,mens track,georgia_tech
26,sanders mitchell,"Marietta, Ga./Walton","Marietta, Ga./Walton","Marietta, Ga./Walton",Last Name,HOMETOWN/HIGH SCHOOL/Last College,HOMETOWN/HIGH SCHOOL/Last College,HOMETOWN/HIGH SCHOOL/Last College,mens track,georgia_tech
27,shaw tanner,"Danville, Calif./Athenian School","Danville, Calif./Athenian School","Danville, Calif./Athenian School",Last Name,HOMETOWN/HIGH SCHOOL/Last College,HOMETOWN/HIGH SCHOOL/Last College,HOMETOWN/HIGH SCHOOL/Last College,mens track,georgia_tech
28,simpson maurice,"Milwaukee, Wisc./Rufus King/Kentucky","Milwaukee, Wisc./Rufus King/Kentucky","Milwaukee, Wisc./Rufus King/Kentucky",Last Name,HOMETOWN/HIGH SCHOOL/Last College,HOMETOWN/HIGH SCHOOL/Last College,HOMETOWN/HIGH SCHOOL/Last College,mens track,georgia_tech
29,smith preston,"Pembroke, Ga./Southeast Bulloch","Pembroke, Ga./Southeast Bulloch","Pembroke, Ga./Southeast Bulloch",Last Name,HOMETOWN/HIGH SCHOOL/Last College,HOMETOWN/HIGH SCHOOL/Last College,HOMETOWN/HIGH SCHOOL/Last College,mens track,georgia_tech
30,solomon nahom,"Snellville, Ga./Shiloh","Snellville, Ga./Shiloh","Snellville, Ga./Shiloh",Last Name,HOMETOWN/HIGH SCHOOL/Last College,HOMETOWN/HIGH SCHOOL/Last College,HOMETOWN/HIGH SCHOOL/Last College,mens track,georgia_tech
31,solomon william,"Rialto, Calif./Los Osos","Rialto, Calif./Los Osos","Rialto, Calif./Los Osos",Last Name,HOMETOWN/HIGH SCHOOL/Last College,HOMETOWN/HIGH SCHOOL/Last College,HOMETOWN/HIGH SCHOOL/Last College,mens track,georgia_tech
32,spears tyson,"Roswell, Ga./Roswell","Roswell, Ga./Roswell","Roswell, Ga./Roswell",Last Name,HOMETOWN/HIGH SCHOOL/Last College,HOMETOWN/HIGH SCHOOL/Last College,HOMETOWN/HIGH SCHOOL/Last College,mens track,georgia_tech
33,steets anthony,"Roseland, N.J./West Essex Regional","Roseland, N.J./West Essex Regional","Roseland, N.J./West Essex Regional",Last Name,HOMETOWN/HIGH SCHOOL/Last College,HOMETOWN/HIGH SCHOOL/Last College,HOMETOWN/HIGH SCHOOL/Last College,mens track,georgia_tech
34,stone brandon,"Fayetteville, Ga./Landmark Christian","Fayetteville, Ga./Landmark Christian","Fayetteville, Ga./Landmark Christian",Last Name,HOMETOWN/HIGH SCHOOL/Last College,HOMETOWN/HIGH SCHOOL/Last College,HOMETOWN/HIGH SCHOOL/Last College,mens track,georgia_tech
35,thomas ryan,"Milford, Del./Milford","Milford, Del./Milford","Milford, Del./Milford",Last Name,HOMETOWN/HIGH SCHOOL/Last College,HOMETOWN/HIGH SCHOOL/Last College,HOMETOWN/HIGH SCHOOL/Last College,mens track,georgia_tech
36,ward andreas,"Statesboro, Ga./Statesboro","Statesboro, Ga./Statesboro","Statesboro, Ga./Statesboro",Last Name,HOMETOWN/HIGH SCHOOL/Last College,HOMETOWN/HIGH SCHOOL/Last College,HOMETOWN/HIGH SCHOOL/Last College,mens track,georgia_tech
37,watkins dwayne,/Woodward Academy,/Woodward Academy,/Woodward Academy,Last Name,HOMETOWN/HIGH SCHOOL/Last College,HOMETOWN/HIGH SCHOOL/Last College,HOMETOWN/HIGH SCHOOL/Last College,mens track,georgia_tech
38,"watkins, jr. wesley","Jonesboro, Ga./Westlake/Kennesaw State","Jonesboro, Ga./Westlake/Kennesaw State","Jonesboro, Ga./Westlake/Kennesaw State",Last Name,HOMETOWN/HIGH SCHOOL/Last College,HOMETOWN/HIGH SCHOOL/Last College,HOMETOWN/HIGH SCHOOL/Last College,mens track,georgia_tech
39,white william,"Athens, Ga./Clarke Central","Athens, Ga./Clarke Central","Athens, Ga./Clarke Central",Last Name,HOMETOWN/HIGH SCHOOL/Last College,HOMETOWN/HIGH SCHOOL/Last College,HOMETOWN/HIGH SCHOOL/Last College,mens track,georgia_tech
40,whorton tyler,"Douglasville, Ga./Alexander","Douglasville, Ga./Alexander","Douglasville, Ga./Alexander",Last Name,HOMETOWN/HIGH SCHOOL/Last College,HOMETOWN/HIGH SCHOOL/Last College,HOMETOWN/HIGH SCHOOL/Last College,mens track,georgia_tech
0,anderson haley,"Cumming, Ga./West Forsyth","Cumming, Ga./West Forsyth","Cumming, Ga./West Forsyth",Last Name,HOMETOWN/HIGH SCHOOL/Last College,HOMETOWN/HIGH SCHOOL/Last College,HOMETOWN/HIGH SCHOOL/Last College,womens track,georgia_tech
1,bauman marinice,"Galena, Ohio/Olentangy","Galena, Ohio/Olentangy","Galena, Ohio/Olentangy",Last Name,HOMETOWN/HIGH SCHOOL/Last College,HOMETOWN/HIGH SCHOOL/Last College,HOMETOWN/HIGH SCHOOL/Last College,womens track,georgia_tech
2,carter anika,"Douglasville, Ga./New Manchester/Georgia Southern","Douglasville, Ga./New Manchester/Georgia Southern","Douglasville, Ga./New Manchester/Georgia Southern",Last Name,HOMETOWN/HIGH SCHOOL/Last College,HOMETOWN/HIGH SCHOOL/Last College,HOMETOWN/HIGH SCHOOL/Last College,womens track,georgia_tech
3,collins kenya,"Jonesboro, Ga./Mundy's Mill","Jonesboro, Ga./Mundy's Mill","Jonesboro, Ga./Mundy's Mill",Last Name,HOMETOWN/HIGH SCHOOL/Last College,HOMETOWN/HIGH SCHOOL/Last College,HOMETOWN/HIGH SCHOOL/Last College,womens track,georgia_tech
4,dow rebecca,"Marietta, Ga./Marietta","Marietta, Ga./Marietta","Marietta, Ga./Marietta",Last Name,HOMETOWN/HIGH SCHOOL/Last College,HOMETOWN/HIGH SCHOOL/Last College,HOMETOWN/HIGH SCHOOL/Last College,womens track,georgia_tech
5,edouard kendria,"Douglasville, Ga./Chapel Hill","Douglasville, Ga./Chapel Hill","Douglasville, Ga./Chapel Hill",Last Name,HOMETOWN/HIGH SCHOOL/Last College,HOMETOWN/HIGH SCHOOL/Last College,HOMETOWN/HIGH SCHOOL/Last College,womens track,georgia_tech
6,entrekin rebecca,"Tucker, Ga./St. Pius X","Tucker, Ga./St. Pius X","Tucker, Ga./St. Pius X",Last Name,HOMETOWN/HIGH SCHOOL/Last College,HOMETOWN/HIGH SCHOOL/Last College,HOMETOWN/HIGH SCHOOL/Last College,womens track,georgia_tech
7,fairey kristin,"Mount Pleasant, S.C./Academic Magnet","Mount Pleasant, S.C./Academic Magnet","Mount Pleasant, S.C./Academic Magnet",Last Name,HOMETOWN/HIGH SCHOOL/Last College,HOMETOWN/HIGH SCHOOL/Last College,HOMETOWN/HIGH SCHOOL/Last College,womens track,georgia_tech
8,fegans nicole,"Douglasville, Ga./Landmark Christian","Douglasville, Ga./Landmark Christian","Douglasville, Ga./Landmark Christian",Last Name,HOMETOWN/HIGH SCHOOL/Last College,HOMETOWN/HIGH SCHOOL/Last College,HOMETOWN/HIGH SCHOOL/Last College,womens track,georgia_tech
9,flood ellen,"Brownsburg, Ind./Cathedral","Brownsburg, Ind./Cathedral","Brownsburg, Ind./Cathedral",Last Name,HOMETOWN/HIGH SCHOOL/Last College,HOMETOWN/HIGH SCHOOL/Last College,HOMETOWN/HIGH SCHOOL/Last College,womens track,georgia_tech
10,folio samantha,"Melbourne, Fla./Holy Trinity Episcopal Academy","Melbourne, Fla./Holy Trinity Episcopal Academy","Melbourne, Fla./Holy Trinity Episcopal Academy",Last Name,HOMETOWN/HIGH SCHOOL/Last College,HOMETOWN/HIGH SCHOOL/Last College,HOMETOWN/HIGH SCHOOL/Last College,womens track,georgia_tech
11,forbes ebony,"Covington, N.J./Newton","Covington, N.J./Newton","Covington, N.J./Newton",Last Name,HOMETOWN/HIGH SCHOOL/Last College,HOMETOWN/HIGH SCHOOL/Last College,HOMETOWN/HIGH SCHOOL/Last College,womens track,georgia_tech
12,galarza liz,"Cumming, Ga./West Forsyth","Cumming, Ga./West Forsyth","Cumming, Ga./West Forsyth",Last Name,HOMETOWN/HIGH SCHOOL/Last College,HOMETOWN/HIGH SCHOOL/Last College,HOMETOWN/HIGH SCHOOL/Last College,womens track,georgia_tech
13,gant erin,"Roswell, Ga./Roswell","Roswell, Ga./Roswell","Roswell, Ga./Roswell",Last Name,HOMETOWN/HIGH SCHOOL/Last College,HOMETOWN/HIGH SCHOOL/Last College,HOMETOWN/HIGH SCHOOL/Last College,womens track,georgia_tech
14,gollnick hailey,"Peachtree City, Ga./Starr's Mill","Peachtree City, Ga./Starr's Mill","Peachtree City, Ga./Starr's Mill",Last Name,HOMETOWN/HIGH SCHOOL/Last College,HOMETOWN/HIGH SCHOOL/Last College,HOMETOWN/HIGH SCHOOL/Last College,womens track,georgia_tech
15,gusmerotti gabrielle,"Norcross, Ga./Norcross","Norcross, Ga./Norcross","Norcross, Ga./Norcross",Last Name,HOMETOWN/HIGH SCHOOL/Last College,HOMETOWN/HIGH SCHOOL/Last College,HOMETOWN/HIGH SCHOOL/Last College,womens track,georgia_tech
16,hall domonique,"Worcester, Mass./Shrewsbury","Worcester, Mass./Shrewsbury","Worcester, Mass./Shrewsbury",Last Name,HOMETOWN/HIGH SCHOOL/Last College,HOMETOWN/HIGH SCHOOL/Last College,HOMETOWN/HIGH SCHOOL/Last College,womens track,georgia_tech
17,hammond madeline,"Peachtree City, Ga./Starr's Mill","Peachtree City, Ga./Starr's Mill","Peachtree City, Ga./Starr's Mill",Last Name,HOMETOWN/HIGH SCHOOL/Last College,HOMETOWN/HIGH SCHOOL/Last College,HOMETOWN/HIGH SCHOOL/Last College,womens track,georgia_tech
18,hayden brianna,"Covington, Ga./Newton","Covington, Ga./Newton","Covington, Ga./Newton",Last Name,HOMETOWN/HIGH SCHOOL/Last College,HOMETOWN/HIGH SCHOOL/Last College,HOMETOWN/HIGH SCHOOL/Last College,womens track,georgia_tech
19,henderson angelica,"Stone Mountain, Ga./Chamblee","Stone Mountain, Ga./Chamblee","Stone Mountain, Ga./Chamblee",Last Name,HOMETOWN/HIGH SCHOOL/Last College,HOMETOWN/HIGH SCHOOL/Last College,HOMETOWN/HIGH SCHOOL/Last College,womens track,georgia_tech
20,herndon hana,"Winter Park, Fla./Winter Park","Winter Park, Fla./Winter Park","Winter Park, Fla./Winter Park",Last Name,HOMETOWN/HIGH SCHOOL/Last College,HOMETOWN/HIGH SCHOOL/Last College,HOMETOWN/HIGH SCHOOL/Last College,womens track,georgia_tech
21,hightower anna,"Cartersville, Ga./Cartersville","Cartersville, Ga./Cartersville","Cartersville, Ga./Cartersville",Last Name,HOMETOWN/HIGH SCHOOL/Last College,HOMETOWN/HIGH SCHOOL/Last College,HOMETOWN/HIGH SCHOOL/Last College,womens track,georgia_tech
22,innis shannon,"Cumming, Ga./Blessed Trinity","Cumming, Ga./Blessed Trinity","Cumming, Ga./Blessed Trinity",Last Name,HOMETOWN/HIGH SCHOOL/Last College,HOMETOWN/HIGH SCHOOL/Last College,HOMETOWN/HIGH SCHOOL/Last College,womens track,georgia_tech
23,matthews bria,"Morrow, Ga./Forest Park","Morrow, Ga./Forest Park","Morrow, Ga./Forest Park",Last Name,HOMETOWN/HIGH SCHOOL/Last College,HOMETOWN/HIGH SCHOOL/Last College,HOMETOWN/HIGH SCHOOL/Last College,womens track,georgia_tech
24,melehan alexandra,"Canton, Ga./Woodstock","Canton, Ga./Woodstock","Canton, Ga./Woodstock",Last Name,HOMETOWN/HIGH SCHOOL/Last College,HOMETOWN/HIGH SCHOOL/Last College,HOMETOWN/HIGH SCHOOL/Last College,womens track,georgia_tech
25,naser courtney,"Havertown, Pa./Haverford","Havertown, Pa./Haverford","Havertown, Pa./Haverford",Last Name,HOMETOWN/HIGH SCHOOL/Last College,HOMETOWN/HIGH SCHOOL/Last College,HOMETOWN/HIGH SCHOOL/Last College,womens track,georgia_tech
26,nelson kendall,"Decatur, Ga./Marist","Decatur, Ga./Marist","Decatur, Ga./Marist",Last Name,HOMETOWN/HIGH SCHOOL/Last College,HOMETOWN/HIGH SCHOOL/Last College,HOMETOWN/HIGH SCHOOL/Last College,womens track,georgia_tech
27,novikova ksenia,"St. Petersburg, Russia/Saint Petersburg #164","St. Petersburg, Russia/Saint Petersburg #164","St. Petersburg, Russia/Saint Petersburg #164",Last Name,HOMETOWN/HIGH SCHOOL/Last College,HOMETOWN/HIGH SCHOOL/Last College,HOMETOWN/HIGH SCHOOL/Last College,womens track,georgia_tech
28,o'neal pharist,"Upper Marlboro, Md./Charles Flowers","Upper Marlboro, Md./Charles Flowers","Upper Marlboro, Md./Charles Flowers",Last Name,HOMETOWN/HIGH SCHOOL/Last College,HOMETOWN/HIGH SCHOOL/Last College,HOMETOWN/HIGH SCHOOL/Last College,womens track,georgia_tech
29,petit hannah,"Braselton, Ga./Mill Creek","Braselton, Ga./Mill Creek","Braselton, Ga./Mill Creek",Last Name,HOMETOWN/HIGH SCHOOL/Last College,HOMETOWN/HIGH SCHOOL/Last College,HOMETOWN/HIGH SCHOOL/Last College,womens track,georgia_tech
30,powell brittany,"Roswell, Ga./Pope","Roswell, Ga./Pope","Roswell, Ga./Pope",Last Name,HOMETOWN/HIGH SCHOOL/Last College,HOMETOWN/HIGH SCHOOL/Last College,HOMETOWN/HIGH SCHOOL/Last College,womens track,georgia_tech
31,prouty mary,"Charlotte, N.C./Myers Park","Charlotte, N.C./Myers Park","Charlotte, N.C./Myers Park",Last Name,HOMETOWN/HIGH SCHOOL/Last College,HOMETOWN/HIGH SCHOOL/Last College,HOMETOWN/HIGH SCHOOL/Last College,womens track,georgia_tech
32,repasy marie,"Milton, Ga./Milton","Milton, Ga./Milton","Milton, Ga./Milton",Last Name,HOMETOWN/HIGH SCHOOL/Last College,HOMETOWN/HIGH SCHOOL/Last College,HOMETOWN/HIGH SCHOOL/Last College,womens track,georgia_tech
33,ruiz amy,"Milton, Ga./Milton","Milton, Ga./Milton","Milton, Ga./Milton",Last Name,HOMETOWN/HIGH SCHOOL/Last College,HOMETOWN/HIGH SCHOOL/Last College,HOMETOWN/HIGH SCHOOL/Last College,womens track,georgia_tech
34,smith corrie,"Tucker, Ga./Lakeside-DeKalb","Tucker, Ga./Lakeside-DeKalb","Tucker, Ga./Lakeside-DeKalb",Last Name,HOMETOWN/HIGH SCHOOL/Last College,HOMETOWN/HIGH SCHOOL/Last College,HOMETOWN/HIGH SCHOOL/Last College,womens track,georgia_tech
35,smith dasia,"Hiram, Ga./Hiram","Hiram, Ga./Hiram","Hiram, Ga./Hiram",Last Name,HOMETOWN/HIGH SCHOOL/Last College,HOMETOWN/HIGH SCHOOL/Last College,HOMETOWN/HIGH SCHOOL/Last College,womens track,georgia_tech
36,solomon mary claire,"Johns Creek, Ga./Blessed Trinity","Johns Creek, Ga./Blessed Trinity","Johns Creek, Ga./Blessed Trinity",Last Name,HOMETOWN/HIGH SCHOOL/Last College,HOMETOWN/HIGH SCHOOL/Last College,HOMETOWN/HIGH SCHOOL/Last College,womens track,georgia_tech
37,stewart raven,"Guntersville, Ala./Guntersville/Auburn","Guntersville, Ala./Guntersville/Auburn","Guntersville, Ala./Guntersville/Auburn",Last Name,HOMETOWN/HIGH SCHOOL/Last College,HOMETOWN/HIGH SCHOOL/Last College,HOMETOWN/HIGH SCHOOL/Last College,womens track,georgia_tech
38,stumvoll haley,"Oakton, Va./Jefferson Science & Technology","Oakton, Va./Jefferson Science & Technology","Oakton, Va./Jefferson Science & Technology",Last Name,HOMETOWN/HIGH SCHOOL/Last College,HOMETOWN/HIGH SCHOOL/Last College,HOMETOWN/HIGH SCHOOL/Last College,womens track,georgia_tech
39,thorne rachel,"Alpharetta, Ga./Alpharetta","Alpharetta, Ga./Alpharetta","Alpharetta, Ga./Alpharetta",Last Name,HOMETOWN/HIGH SCHOOL/Last College,HOMETOWN/HIGH SCHOOL/Last College,HOMETOWN/HIGH SCHOOL/Last College,womens track,georgia_tech
40,wheeler lindsey,"Charlotte, N.C./Ardrey Kell","Charlotte, N.C./Ardrey Kell","Charlotte, N.C./Ardrey Kell",Last Name,HOMETOWN/HIGH SCHOOL/Last College,HOMETOWN/HIGH SCHOOL/Last College,HOMETOWN/HIGH SCHOOL/Last College,womens track,georgia_tech
41,williams jeanine,"Kingston, Jamaica/Immaculate/Auburn","Kingston, Jamaica/Immaculate/Auburn","Kingston, Jamaica/Immaculate/Auburn",Last Name,HOMETOWN/HIGH SCHOOL/Last College,HOMETOWN/HIGH SCHOOL/Last College,HOMETOWN/HIGH SCHOOL/Last College,womens track,georgia_tech
42,woode denise,"Gaithersburg, Md./Damascus","Gaithersburg, Md./Damascus","Gaithersburg, Md./Damascus",Last Name,HOMETOWN/HIGH SCHOOL/Last College,HOMETOWN/HIGH SCHOOL/Last College,HOMETOWN/HIGH SCHOOL/Last College,womens track,georgia_tech
43,zaubi nicole,"Peachtree City, Ga./McIntosh/Kennesaw State","Peachtree City, Ga./McIntosh/Kennesaw State","Peachtree City, Ga./McIntosh/Kennesaw State",Last Name,HOMETOWN/HIGH SCHOOL/Last College,HOMETOWN/HIGH SCHOOL/Last College,HOMETOWN/HIGH SCHOOL/Last College,womens track,georgia_tech
0,stavro sydney,"Buford, Ga.",Buford,Buford,Last Name,Hometown,High School,High School,softball,georgia_tech
1,bates samantha,"Charlotte, N.C.",Olympic HS,Olympic HS,Last Name,Hometown,High School,High School,softball,georgia_tech
2,mora bianca,"Cumming, Ga.",South Forsyth HS,South Forsyth HS,Last Name,Hometown,High School,High School,softball,georgia_tech
3,prairie rebecca,"Valdosta, Ga.",Lowndes County HS,Lowndes County HS,Last Name,Hometown,High School,High School,softball,georgia_tech
4,barfield brooke,"Pembroke, Ga.",Bryan County HS,Bryan County HS,Last Name,Hometown,High School,High School,softball,georgia_tech
5,dickerson naomi,"Whittier, Calif.",La Serna HS,La Serna HS,Last Name,Hometown,High School,High School,softball,georgia_tech
6,bell malea,"Kennesaw, Ga.",Kennesaw Mountain HS,Kennesaw Mountain HS,Last Name,Hometown,High School,High School,softball,georgia_tech
7,chadwick kendall,"Atlanta, Ga.",Marist School,Marist School,Last Name,Hometown,High School,High School,softball,georgia_tech
8,stanford cameron,"Alpharetta, Ga.",Alpharetta HS,Alpharetta HS,Last Name,Hometown,High School,High School,softball,georgia_tech
9,ellebracht kaylee,"Los Alamitos, Calif.",Los Alamitos,Los Alamitos,Last Name,Hometown,High School,High School,softball,georgia_tech
10,chisholm kelsey,"Jacksonville, Fla.",Bartram Trail HS,Bartram Trail HS,Last Name,Hometown,High School,High School,softball,georgia_tech
11,pye saige,"Stockton, Calif.",Bear Creek HS,Bear Creek HS,Last Name,Hometown,High School,High School,softball,georgia_tech
12,puckett drew,"Buford, Ga.",Buford HS,Buford HS,Last Name,Hometown,High School,High School,softball,georgia_tech
13,huckabay crosby,"Chattanooga, Tenn.",Baylor School,Baylor School,Last Name,Hometown,High School,High School,softball,georgia_tech
14,krzus katie,"Orland Park, Ill.",Carl Sandburg,Carl Sandburg,Last Name,Hometown,High School,High School,softball,georgia_tech
15,roper breanna,"Woodstock, Ga.",Woodstock HS,Woodstock HS,Last Name,Hometown,High School,High School,softball,georgia_tech
16,many isabella,"Annandale, N.J.",North Hunterdon HS,North Hunterdon HS,Last Name,Hometown,High School,High School,softball,georgia_tech
17,von behren jaydra,"Dunwoody, Ga.",Dunwoody HS,Dunwoody HS,Last Name,Hometown,High School,High School,softball,georgia_tech
18,brandvold allison,"Heath, Texas",Rockwall-Heath HS,Rockwall-Heath HS,Last Name,Hometown,High School,High School,softball,georgia_tech
19,hooper lilly,"Cataula, Ga.",Harris County,Harris County,Last Name,Hometown,High School,High School,softball,georgia_tech
20,webb skye,"Temecula, Calif.",Temecula Valley HS,Temecula Valley HS,Last Name,Hometown,High School,High School,softball,georgia_tech
21,anderson emily,"LaGrange, Ga.",LaGrange HS,LaGrange HS,Last Name,Hometown,High School,High School,softball,georgia_tech
22,sonnon draven,"Sugar Hill, Ga.",North Gwinnett,North Gwinnett,Last Name,Hometown,High School,High School,softball,georgia_tech
0,comby kodie,"Houston, Texas (Cypress Falls)","Houston, Texas (Cypress Falls)","Houston, Texas (Cypress Falls)",Last Name,Hometown (High School),Hometown (High School),Hometown (High School),womens volleyball,georgia_tech
1,washington dominique,"Chicago, Ill. (St. Edward Central Catholic)","Chicago, Ill. (St. Edward Central Catholic)","Chicago, Ill. (St. Edward Central Catholic)",Last Name,Hometown (High School),Hometown (High School),Hometown (High School),womens volleyball,georgia_tech
2,frerking lauren,"Johns Creek, Ga. (Wesleyan High School)","Johns Creek, Ga. (Wesleyan High School)","Johns Creek, Ga. (Wesleyan High School)",Last Name,Hometown (High School),Hometown (High School),Hometown (High School),womens volleyball,georgia_tech
3,wilson sydney,"Fayetteville, Ga. (Sandy Creek High School)","Fayetteville, Ga. (Sandy Creek High School)","Fayetteville, Ga. (Sandy Creek High School)",Last Name,Hometown (High School),Hometown (High School),Hometown (High School),womens volleyball,georgia_tech
4,wilson kendall,"Fayetteville, Ga. (Sandy Creek)","Fayetteville, Ga. (Sandy Creek)","Fayetteville, Ga. (Sandy Creek)",Last Name,Hometown (High School),Hometown (High School),Hometown (High School),womens volleyball,georgia_tech
5,kazaroff coral,Apex N.C. (Apex),Apex N.C. (Apex),Apex N.C. (Apex),Last Name,Hometown (High School),Hometown (High School),Hometown (High School),womens volleyball,georgia_tech
6,knapp sam,"Orlando, Fla. (Bishop Moore Catholic)","Orlando, Fla. (Bishop Moore Catholic)","Orlando, Fla. (Bishop Moore Catholic)",Last Name,Hometown (High School),Hometown (High School),Hometown (High School),womens volleyball,georgia_tech
7,benda gabby,"Raleigh, N.C. (Wakefield HS)","Raleigh, N.C. (Wakefield HS)","Raleigh, N.C. (Wakefield HS)",Last Name,Hometown (High School),Hometown (High School),Hometown (High School),womens volleyball,georgia_tech
8,becker emily,"Tucker, Ga. (Greater Atlanta Christian School)","Tucker, Ga. (Greater Atlanta Christian School)","Tucker, Ga. (Greater Atlanta Christian School)",Last Name,Hometown (High School),Hometown (High School),Hometown (High School),womens volleyball,georgia_tech
9,stavnetchei gabriela,"Curitiba, Brazil (Francisco Mazzola)","Curitiba, Brazil (Francisco Mazzola)","Curitiba, Brazil (Francisco Mazzola)",Last Name,Hometown (High School),Hometown (High School),Hometown (High School),womens volleyball,georgia_tech
10,clifton cori,"Williamsburg, Va. (Warhill)","Williamsburg, Va. (Warhill)","Williamsburg, Va. (Warhill)",Last Name,Hometown (High School),Hometown (High School),Hometown (High School),womens volleyball,georgia_tech
11,spencer simone,"Smyrna, Ga. (Campbell High School)","Smyrna, Ga. (Campbell High School)","Smyrna, Ga. (Campbell High School)",Last Name,Hometown (High School),Hometown (High School),Hometown (High School),womens volleyball,georgia_tech
12,del romano alessia,"Bologna, Italy (Istituto Paradisi)","Bologna, Italy (Istituto Paradisi)","Bologna, Italy (Istituto Paradisi)",Last Name,Hometown (High School),Hometown (High School),Hometown (High School),womens volleyball,georgia_tech
13,dowd mikaila,"Naperville, Ill. (Metea Valley)","Naperville, Ill. (Metea Valley)","Naperville, Ill. (Metea Valley)",Last Name,Hometown (High School),Hometown (High School),Hometown (High School),womens volleyball,georgia_tech
14,askin ashley,"Louisville, Ky. (Sacred Heart Academy)","Louisville, Ky. (Sacred Heart Academy)","Louisville, Ky. (Sacred Heart Academy)",Last Name,Hometown (High School),Hometown (High School),Hometown (High School),womens volleyball,georgia_tech
15,rigsbee grace,"Suwanee, Ga. (North Gwinnett)","Suwanee, Ga. (North Gwinnett)","Suwanee, Ga. (North Gwinnett)",Last Name,Hometown (High School),Hometown (High School),Hometown (High School),womens volleyball,georgia_tech
